temperature,vibration,power,speed,abnormal
84.04275480463762,37.75917103532694,107.24581789286735,1202.4391801719041,1
86.5122023980126,42.317804310612345,118.52075278858672,1143.038461646761,1
71.36568491862607,46.38744006242739,98.55173160513817,1307.1459078385512,1
52.48736263257057,14.826421803624463,88.34123741290375,1534.6524971363103,0
57.207603092777646,15.154104645679475,75.30590035030741,1587.0787968833897,0
58.00570438208469,17.35905064693322,77.81069599044739,1534.0465372433111,0
56.79378525293849,14.28718690772127,80.86707621993804,1500.5175968353756,0
85.69836945957431,36.53293169040954,113.34597035306805,1164.7927953778294,1
55.97032312559217,17.875141338808202,71.09282615379557,1563.449486372977,0
66.86162871659106,37.39632367386744,102.74738066050828,1244.0067277969886,1
68.2952276158222,48.41811710997166,116.2734454073813,1126.3779989312827,1
51.561235433241094,16.966966955538375,83.11298728006793,1551.8625940880577,0
40.51005157668452,21.3509005227694,79.11724277877201,1469.8714272441548,0
67.9100766968569,47.37028903227113,102.52484914158346,1179.3510933458847,1
79.0764593912744,34.512908028358254,107.46825472249886,1209.419420284484,1
86.54575879407193,33.52856026410235,106.4229537970403,1230.7248277323224,1
69.68077071296075,30.438374351643606,105.60355653757622,1185.9883661204005,1
44.350389989054655,19.99126701397333,70.66486603460615,1546.1482202942018,0
76.98798361590583,42.87911980299989,106.82626842206473,1266.0552017673906,1
88.54844886841175,47.10868097677597,101.58425182800794,1277.297134453659,1
47.11233027577258,10.22610709398335,81.0105961435766,1427.5859503803474,0
56.00376360023273,18.300995265422674,88.13159635441322,1582.091774223397,0
67.22588587174639,32.738495216191524,113.25781223059617,1140.168838728682,1
83.29427501147529,45.0874546534596,95.36618184387727,1156.397925230132,1
49.77915415113907,15.991758910002481,88.6117297738035,1599.3390234327876,0
69.42729775956282,34.80104370106231,102.79743105981525,1306.6404985754777,1
59.22064569095558,16.302593691316563,75.5463889177895,1468.0447100707347,0
85.81377871863016,32.032155504436716,106.59979733652548,1226.6846695882543,1
72.91446768483321,40.62321127696951,98.48457449163197,1222.7216812602132,1
45.547790067442705,24.993474685080642,87.2790474676752,1451.6649098760101,0
55.649167464115756,21.169645798573786,89.15177370906022,1440.3816076245064,0
59.65538416787676,21.599287601565877,70.23780866107373,1430.0424710317516,0
53.631968614972465,22.358304144352257,83.16846518975437,1488.477930602485,0
54.02644029358282,14.304223458885875,77.7046956380791,1500.679333080454,0
69.31148971396563,49.04242272739886,106.23283536177262,1231.2704744373095,1
59.862660745973166,11.825485764227947,71.55900070511638,1537.8188000305606,0
78.09063508010391,38.582263239729215,95.98427495322285,1234.4578889435556,1
45.378155359807316,18.849255357731113,71.5177898976469,1564.8370860308155,0
44.855871349153695,13.788878048570304,83.10613775034915,1492.09165911435,0
71.02756830485741,35.204805528970304,101.29611879103693,1129.0482726199891,1
66.80129213590563,37.24996412207975,111.19631689861822,1231.3606987626254,1
86.86118068755906,42.43400786640837,115.7802655422455,1170.5291959231802,1
82.08845882435378,45.095896364900064,104.92366852532263,1317.1475744953439,1
46.9314057489053,13.977500216882216,84.58253185142557,1536.7777600577324,0
49.68916486710316,22.1412688965828,82.92554235659311,1591.0554711018992,0
59.66492801369514,14.481065385637747,88.40529524209904,1584.801182586946,0
53.559265320722574,17.672197836051158,84.80545362839723,1531.7525033098136,0
48.94887273642633,10.287286698794052,71.42112794003364,1470.6304294500806,0
49.752304667582095,17.82211214151522,72.34396742128747,1588.0532907511079,0
84.02013418240249,49.007187368872664,116.46926227470868,1275.334487418466,1
75.057465119124,30.588290154131926,109.71504716600768,1300.8690399331458,1
54.89876368098806,24.30963500609914,87.84997566071374,1453.7354046705277,0
50.81767582217262,13.697490481138114,87.19653604687663,1542.2893838256064,0
51.46056986298275,10.26746607129969,72.37218208991419,1549.0672939676465,0
47.94990663844903,24.196168152222548,75.94871568231902,1400.052476279232,0
59.01055405211982,21.92297832959927,82.77520267871084,1435.2743115850387,0
44.134850132106955,17.515448238509325,73.88693122146758,1555.336368781739,0
53.19546630646456,13.832638905828215,73.5903267612765,1592.905909801993,0
40.20944930497483,19.587135349048282,72.03104155775436,1543.0386765123098,0
85.62120345724979,32.01865718202284,103.50860797205397,1140.4690967792055,1
49.19958708968139,11.210756046096643,72.97113133340956,1589.9306635442958,0
71.20080987888758,37.21770111561332,114.19955155346325,1115.8467735776853,1
45.43123664123706,19.40803415368144,83.2155208302836,1565.9548070320168,0
81.19790864615885,38.65838061310956,96.47143169084666,1337.9051268338703,1
76.71154743910631,36.03058531666851,112.63471342539212,1341.5347118499758,1
81.03134532619737,46.73416794679159,107.89622701256444,1236.7154983928526,1
67.86837758884266,42.06269702850126,103.56656252983424,1194.0078645644724,1
43.92255061427004,21.020899566385477,75.77957236728615,1462.2177760664788,0
74.46018166304411,46.65838891356114,108.45660256144433,1201.5945123085726,1
85.60369297115075,42.42337210763867,115.48124865493949,1129.5711310176182,1
50.07278738336721,24.158194613282483,77.53266266324545,1518.0295601889538,0
70.11326489277481,44.45732204492606,108.24288918817304,1134.4726560370564,1
52.350078767433125,15.158049932588671,87.68155081893984,1532.7478773379632,0
47.77786858315968,17.202811517014915,89.01632430651397,1554.952169172135,0
53.48038582805706,13.020082052584026,88.72577434745982,1573.1015041645444,0
50.31105947542189,20.047909474124285,77.86402917467433,1552.922272420588,0
82.71702361057473,45.49306358525277,95.67267528510746,1347.1093635430684,1
47.238883642109755,10.816305390519885,79.1624040533104,1460.9689233554388,0
53.88680705505142,12.512013256506325,77.97069052400057,1557.4316225305902,0
59.91700447714723,16.112136186633215,86.55938753112616,1410.155931540348,0
45.030332307382615,14.618710567665016,86.05994056381712,1442.0137474606295,0
41.75737577623606,15.198504634921058,81.91378584677685,1493.6276517841147,0
71.91818294836521,33.64472030755118,114.53566662850503,1273.874650541128,1
54.412570993554354,14.779267910807858,79.72979046044965,1557.3039771238234,0
42.70884684915362,18.029379755484115,79.27853750092838,1522.7667764363703,0
55.26181365315601,15.709849186996465,82.11135161367437,1484.39706581713,0
85.23898812009553,40.83565966620719,104.46540755635706,1220.2080857971125,1
83.2297491490698,41.03902986907396,113.25379178389281,1275.79727763395,1
42.93820793806921,18.457246253593677,73.06695927720021,1468.768920229601,0
47.26475641138197,13.192920709453364,85.53990954524083,1526.4868636465392,0
43.12316277643526,12.59791986003388,71.85028724574153,1508.7347823772727,0
89.83008325430268,39.847025766720876,102.681561175981,1262.170408159845,1
56.100321890749406,17.00663359605958,82.95314363028406,1508.7926454483345,0
70.9332069415586,31.833332611158436,116.42561222102145,1337.6997555702865,1
51.27362921791121,21.992316418125007,83.34564093785762,1476.1233507703196,0
76.15249933773674,45.91878529875785,116.57892532667708,1213.1631567286943,1
75.7787646467562,41.041155322699154,98.60028486586525,1215.112656228209,1
67.70600107557526,47.82612329455858,103.34078477880158,1208.8643557424036,1
49.340297950134016,13.106564550781549,72.72315287778665,1417.350011473202,0
66.18087326062637,47.2889594439297,111.63912559099958,1171.765264668683,1
54.3496515147323,24.228391650010348,85.35377006768215,1497.9501799029854,0
72.56171158984264,46.19897015235759,105.32125365074481,1142.6300203266967,1
82.7266102389548,30.375279972382664,100.27422722125726,1166.633059272095,1
77.72928496345554,46.83206379056884,104.70909364607856,1254.7386825519866,1
52.56093215660048,13.567657198681138,84.33680459284447,1462.038445729003,0
84.66072476724223,31.343103075787507,110.15691423215455,1235.2887508855079,1
41.837821739171744,10.79831381495842,76.35889480252833,1491.0191104981282,0
69.90889792783884,32.096824171692255,97.15228247608526,1186.6743352018052,1
50.48982587825701,23.8800632533138,83.7540640660049,1466.8172091508427,0
59.37537465150233,21.903544327603807,72.05572223794789,1425.8678798433766,0
86.1271781949753,33.46010431669004,100.94930296342675,1196.5396250371407,1
87.52802684799254,43.286577346400435,112.33362887379991,1111.1511303050827,1
56.64698826208644,17.047479996122174,81.95637225578078,1520.1337460417267,0
46.39626759466017,12.379918377674635,85.7731688285151,1582.2721922456235,0
69.22475111815554,33.56099484246385,115.64686382342411,1259.462331354962,1
58.06512107426106,10.779739142098531,85.60378261030093,1447.8808273931402,0
58.193522834057546,10.114636399247958,74.86871762670754,1568.199649897992,0
70.19114008548195,40.16192810413838,110.11564776361766,1288.7205716289268,1
74.0869718707799,32.74544088572061,104.4444856015949,1104.716016533546,1
45.1822857868989,17.168861030381873,75.8678520350067,1569.683529676426,0
41.91888748653987,10.846545281524905,73.94911203648243,1533.2428013537753,0
55.83004912304243,19.69198908189392,78.54180842820415,1403.1077893302495,0
72.69391135909373,49.30330922992691,104.06910720289054,1194.0018555500085,1
59.80417329256434,10.238876301702332,86.26582646824752,1508.5192658375622,0
74.9249500342803,40.74329679133753,108.36303508810228,1225.4878732582622,1
52.82822679183791,17.609176297116274,88.28621005689544,1472.686966593607,0
84.89719559238885,36.82033310103353,113.11137496322064,1205.5636562550762,1
69.52416533452697,43.550031880775954,103.3574975364158,1182.191593518552,1
88.6798579093227,48.95177093277178,108.44366665060008,1186.1884100618925,1
72.35293265768264,41.748827333337175,111.0924821374262,1144.9848998277307,1
56.862545417335255,17.025166522240166,89.85735375529718,1533.4098100191582,0
57.197088152793725,13.703979716703168,75.50976716308452,1454.9300952809342,0
55.450333784096834,24.11220061380633,75.79791576925845,1413.3147890070602,0
78.51353152181919,32.15692495473288,112.5278845822385,1308.424911701694,1
67.4089597300941,42.54727704912835,98.77453318504728,1150.1644649403204,1
82.90444553112974,40.7337270151577,99.14554304719252,1242.087241344651,1
67.24690183627871,48.624168387393134,111.2534450853189,1125.1255034215462,1
77.20394276079001,46.35115421317849,105.55399887787742,1322.3573195866315,1
42.936199438988616,15.586178889719672,82.18818045776197,1403.2554733869174,0
65.3914805681066,49.9641629321803,116.37314048627363,1344.7212043073034,1
40.296789863393556,18.791232184347592,86.97973688121527,1562.7513541904548,0
45.06291527867724,21.45187132263178,75.88792916533097,1543.0294392363112,0
52.641483462519574,23.497858805177877,81.13665357433521,1435.161256981995,0
73.02096450222831,41.72654901485533,115.4569136532395,1131.1995178298037,1
59.06484028033081,13.965878965011447,89.16424603312569,1563.8209862898668,0
47.56874422646195,14.52230289340529,81.94317146974237,1491.358445533118,0
54.57374004452613,12.164774026825203,89.20345106332289,1564.2471944664624,0
42.43432805556411,24.945112358669945,86.91581004250723,1479.0691683247624,0
67.6426369865443,34.24638516022223,104.50763759745553,1258.8144452552874,1
74.36612035005601,37.29335055654407,112.56308581723859,1289.6379475516155,1
41.05214054743437,18.303574863353667,74.57261499016546,1513.8458626153347,0
86.7832599478965,36.63979961773492,104.51630444634765,1231.6927501766754,1
48.08972499315496,16.468390451085497,72.7717776742336,1498.8657652738273,0
73.27830326981025,49.80519119013009,102.46760851931367,1332.746534298362,1
76.01242072569846,34.56403841388406,100.45279772091007,1167.7616220478074,1
58.94347410762775,24.39239183812548,83.3138238181301,1502.0485144514503,0
58.05143650788875,13.039152968664942,76.26437357000138,1513.3863080092344,0
52.64845719633173,11.967225139926931,70.98517336417977,1494.3428314607734,0
86.31453207474686,44.84905583875108,114.46377973440217,1321.0720462284548,1
78.50526154106788,49.682340480077215,109.2041120859041,1295.974770857532,1
82.0169821883061,37.7421993948526,101.7429241443996,1200.6412784377633,1
57.49349363597256,15.231235227635635,77.07075358363164,1495.47845007439,0
43.72313003744455,12.954344459620598,83.27892719488975,1562.9921837555305,0
67.71850120806602,42.32174996210159,113.0825749249688,1319.3716943910622,1
67.11109579361585,48.23992498421082,101.4220832053112,1194.4496813603662,1
41.8613686121898,20.068832121295785,88.57093714227642,1478.9951123240226,0
47.28941021808856,17.74685129951168,73.48446634984701,1401.0684238077868,0
57.58592815203911,20.20817205574248,83.33290756394278,1555.8246816632443,0
89.3061726254496,42.915699513344414,116.63614229186602,1144.8742414929957,1
68.38949850654926,33.9912355850739,111.62273481184948,1186.4893041419004,1
49.41521494801511,21.78354403353331,87.09484123614506,1522.1335407589165,0
88.1913084560492,35.2360497434881,102.95515300745069,1149.0485881453299,1
58.556583141728495,11.177489440407765,72.01462133512437,1573.1756871198118,0
70.44739934101399,33.41167113393403,115.9443853741178,1130.6800767920777,1
73.13720232809249,35.04187832172956,102.35060970418293,1101.326598782823,1
73.93689212101992,35.58964865160167,114.38205927114258,1177.9495294247868,1
83.85705242226622,47.36604833736648,99.42731316688733,1202.251178723788,1
51.28829504730726,10.247393078764656,80.97923800804382,1480.9882121552573,0
47.369084475071844,15.670817654025312,70.86705849404407,1411.1032026739192,0
42.96513431694819,23.008177361123956,78.05824836276311,1528.6104130561403,0
48.48945142536772,20.703365141841214,88.88982388692142,1482.5311482958502,0
69.0265277946027,48.801258779692816,101.32946781455414,1312.3995461594427,1
83.3338891894672,38.32938991476114,103.97660193121146,1161.052589940234,1
44.18484660024365,12.325327023995786,74.78253260596313,1471.2338296921364,0
57.12816243080292,17.284209818614876,75.41356210744159,1557.4994398285858,0
86.37436698886239,36.111464550702834,113.2761571167695,1277.4764082877148,1
53.429593297393495,19.384272001583444,86.53182339787847,1445.7959415852808,0
83.98649586607512,44.01178060683726,109.93204770565237,1330.105606162054,1
79.74290056370093,47.32564428924911,98.84543125940142,1203.282210133295,1
50.09709087650542,13.351494772834029,76.89387044924882,1560.5345195092045,0
45.14396122679153,10.281345105816381,75.08277090015311,1525.0582920319714,0
65.95047330288658,46.842179314057994,105.69946607626953,1201.7813554062443,1
86.04462452527416,44.12411863856812,95.83277783116183,1117.3119510641297,1
69.53714414316002,43.06100403444745,113.14210452584001,1291.0311778697696,1
68.65145274620359,31.931897409665197,104.69485659447463,1148.140298410635,1
58.10147103780282,14.374410295218796,88.01337659750972,1477.4673053732083,0
50.898115124167276,14.439131583781164,83.22022339039172,1488.9630298258126,0
48.82268375606975,14.727962652378823,79.4707944646004,1573.9791473612145,0
53.857255737670826,23.15769279375582,78.49132987341827,1524.2512413371724,0
75.39470115973077,44.77333701602938,108.26250115330562,1104.9102389412772,1
79.94147990348903,32.62747783537209,103.70971104921071,1249.3226358191548,1
40.4177159432803,22.551406864927806,84.7979763491368,1462.468857385508,0
69.48730084960441,35.790076427011876,104.02187363870551,1309.2647815680914,1
89.58138674580383,33.44051278792809,99.10819905852846,1312.6438523095708,1
89.96527051437991,47.06010946218406,110.28581498372286,1106.5173747196623,1
65.18553165470968,48.388083857004645,118.81058250080231,1304.6461714284858,1
47.90588748345048,20.69798128468542,70.78562447715774,1462.5818587877525,0
85.50074480758404,35.649472220950365,101.42128649453927,1144.544732233835,1
65.72785858078792,49.62167657021803,103.80721618652748,1157.4856090990756,1
78.74165189288252,30.101489276268406,95.70996422890438,1104.1336663983047,1
74.8874741156553,46.053178096130495,110.33975637058508,1152.9417158451051,1
49.63738322132151,19.744879880394954,84.32108574091683,1450.4439543862625,0
69.89645323602504,35.23060723964941,118.92911251795232,1349.1663987858997,1
88.80326551676659,40.19909180983949,98.78983935269369,1171.2831883382773,1
50.14567918989908,19.67497503987565,84.30406993230648,1590.1741833046249,0
68.6665344682765,37.587179238521735,101.02073580838938,1319.1801832442557,1
41.03595319641819,18.93366886803217,72.75423286832076,1539.4353879544165,0
80.92363777274433,38.179101537205995,104.81894832797782,1244.4996531154864,1
52.68052868060227,19.955454120942658,73.41216856186797,1586.1455123159408,0
65.29681364446142,40.65409612464819,118.52632806625573,1174.6663722476205,1
44.88644524183648,13.654343156349679,86.86113230869618,1529.08131311293,0
57.4755202232262,15.437840575574864,86.00467499922247,1449.7569660994325,0
73.62559712103982,45.77425306493983,104.7224620134828,1161.1751168326382,1
85.28831159739568,32.03967745312022,107.1273842651901,1162.6215961714302,1
48.597768323703356,15.721355626786632,75.30362150972374,1450.829579358366,0
66.96371250083375,42.23258250210842,101.74480744041212,1250.7930655397893,1
44.02197251617081,13.938836634924074,87.47953317316657,1459.6499154175795,0
72.65229591780546,47.529217007906915,115.19481256636615,1337.2111786728378,1
80.97455317854936,40.65095791274378,113.95609982099596,1284.1215462332148,1
70.81037176566184,35.3414497028171,117.37744692375838,1158.3409805028712,1
55.47309606165996,22.227105981971626,84.02370712375418,1505.6489913864505,0
45.68769925856012,21.324643985870587,80.13109823821314,1460.2663750251027,0
76.00901201508466,41.69131827850098,118.05996285067583,1289.5082471206672,1
69.39001885173563,44.34924192231965,104.35313135591834,1224.5492190866635,1
72.70594272756759,34.31355047322808,113.95736254612922,1315.4359685059046,1
49.702505423637284,13.219817052263842,89.33984588474846,1459.8306581345605,0
77.99926000526493,46.657122878171805,103.05115952969692,1211.3009107281832,1
40.17147194940929,24.865222788535633,85.35997438608848,1471.406613988434,0
45.61636612011188,16.69542667635697,89.14402866861006,1424.9626163094238,0
44.65935599001259,13.097622222285537,87.47057295766706,1469.1438134837467,0
58.007591870711394,16.1085944460856,78.20108622104932,1542.442595341395,0
79.00871307875981,41.172657525635074,96.49865133895129,1100.325335419178,1
49.923657530639,10.890626949510024,83.36023732022952,1430.9633510074211,0
88.9221670776529,31.061822114944125,101.67116719863272,1158.2423964934574,1
47.959406875144175,10.177365663407008,83.79605430778211,1439.555577723832,0
54.45350305193037,18.6032123329152,74.70871971903794,1481.2173583427927,0
72.15975307375325,35.56789903510962,104.34069846442588,1134.4731803515897,1
65.58904236875208,46.57886162347725,106.72886195806169,1196.9656713121544,1
84.39278100844288,35.85304040237154,95.28068033438723,1271.4745723980855,1
46.603512523881335,18.11941295742779,89.19363531563332,1419.3883042093494,0
42.49813442753207,10.406508698932743,70.3193618583194,1423.1292350104466,0
42.520089487040195,16.52868474328445,76.51036164397578,1420.3677378878938,0
44.31509758420902,17.528217302939066,76.38413664182917,1518.4778767438565,0
42.333013528465685,16.848704726940156,70.19914550485574,1558.93782616007,0
44.60854047674917,24.73548751460668,88.82180048020952,1436.2089027761256,0
57.19147490382882,18.066695877820692,79.68096182088765,1516.6134762536628,0
41.42092263840668,13.200461926088547,76.48385477513438,1514.785234303089,0
65.88741368464132,44.07906920830663,96.47019903245395,1242.3515714091218,1
80.02539789943499,37.85528815347374,100.29751669378572,1108.9806878457805,1
87.30841627941386,41.860579640653306,112.6840340538175,1139.7700945789147,1
87.92203948903386,49.96167911990436,96.25846506965735,1311.8071590282573,1
74.39147331798317,33.51668350495855,95.23877603397497,1198.9744686006056,1
59.01368092828043,16.782591228792594,77.70664871408758,1495.4113851626348,0
48.521573876932656,14.60199411668615,84.7034495160775,1570.9241816774338,0
66.93313023883645,48.25173937317004,109.67974965250961,1278.2178556778902,1
67.87268397366233,36.471422963874346,112.4433780321233,1247.420471241684,1
47.01777267692121,17.90588754568067,76.0576512843023,1491.0770173943467,0
87.38644128558606,41.01478566839556,104.89299412272669,1347.7552463796333,1
66.79180268764742,36.51056268491047,113.87422106094705,1147.9639771891789,1
80.25943111855408,45.90035458788604,119.92034286360644,1256.8088830850224,1
66.4501379660053,43.49000213690513,109.02356050375872,1174.4476577767084,1
57.923436591841,15.958100790734774,70.3163323386071,1435.1388404874924,0
42.46017632863318,10.193884832638872,82.56646361236474,1458.3794459801497,0
86.0231974153619,37.949737688167446,103.40904247131571,1220.364813703671,1
53.357243297872685,13.055039698757703,79.40174706608784,1411.4883961814003,0
80.59060029234416,36.07269985393424,96.01227565879107,1261.6973224623637,1
69.0209816689563,37.39152807033945,112.76148691967495,1117.4475450771176,1
65.97604784748567,47.2078040201103,117.29322433924455,1285.2549022014564,1
51.14328064997219,19.36319069595295,71.53359637426172,1415.7584553699141,0
47.873980764422114,21.263126796532436,88.8774592573875,1495.4600294107538,0
53.66663310446585,12.529437154102167,73.17124352291816,1551.5735684049,0
81.04108744344498,36.69223354717198,98.62927255694457,1181.569498323184,1
47.52724415574523,13.120485989249588,81.12842551447591,1512.1847442963142,0
41.44868964254648,22.18012827189402,79.99166758804469,1415.5915523121987,0
70.0998935302571,33.42991107511638,96.69673446877903,1271.5701563496882,1
50.0701340979326,21.377837894488305,70.02160096026768,1499.7993791426431,0
41.672819606244445,20.505508136197037,84.6302327222374,1490.30192912915,0
86.87213832048116,49.68059269971655,99.4445082027426,1284.2309851671284,1
49.44859263137354,17.50688894814607,81.03736457893571,1479.6628875633126,0
88.50882688675203,45.314344367095416,95.75832357546724,1185.0649878754493,1
80.17876922733284,40.47998916324214,104.57184353498056,1149.8467967747174,1
40.517086833785804,13.521104013992778,76.3088368794534,1524.6640763787125,0
86.69963262754354,39.50323667884824,109.30215281534494,1174.2979130400408,1
74.99684739814376,36.58617073045546,105.61764170852088,1113.245203805257,1
89.25622210935063,33.63361863607581,111.54498989393726,1102.739891757672,1
65.74678812768241,44.21984047228154,107.30377415276082,1279.4790512966583,1
74.34885305091653,44.71876658939853,102.91238053769345,1229.3884958555466,1
57.93911348605775,15.146422254515333,71.1929430888267,1452.8797868624472,0
54.58636681941847,22.429097691310602,70.26959301543981,1578.9372346922003,0
53.8705797075381,21.15673091161244,86.44306155322242,1479.8445969574923,0
78.31382795562754,45.977889879736566,105.25809894826052,1121.5399125521858,1
83.89049506056732,49.57395653172959,110.87965953363006,1132.73291717177,1
52.73348259265015,19.083331305823002,75.84166085455058,1476.9217301249778,0
84.04415218287663,45.04318099542269,114.68913283678961,1122.6954958015938,1
44.758649483100456,13.16346455999895,81.0032750013917,1486.9926785253406,0
41.85587799766403,14.256746755302512,80.47918517049331,1418.5794940297635,0
82.93983209989895,35.429554815916475,96.69043014184876,1213.713799521393,1
58.304292506945,12.18295363400776,81.4656610180071,1515.8253818871917,0
88.87072648281247,33.20029681167598,117.21938991405897,1137.0365029995241,1
43.407110701020095,13.346510597435884,88.6247207299495,1475.936859322998,0
43.65081340471309,11.73934441732188,72.94343824887886,1401.4710940568432,0
50.998929112152474,21.96867126810499,86.46428730017598,1484.6091145711403,0
83.22938621825226,33.82400186440651,118.9651469923109,1326.5543257941015,1
52.101798556175176,17.65473069029103,74.16488593506138,1502.7815548866433,0
76.9827783124331,32.547029532254236,105.17162964994843,1346.1299747505614,1
58.05829996576026,19.859792856297773,80.32489033886809,1473.2507677853346,0
86.6262824645618,36.834948486220654,98.77409802095983,1220.355901558714,1
46.62224278873278,16.37780554372442,75.39773900690932,1405.4291378850291,0
50.83952128249418,15.194944878454889,76.26353861802984,1519.528213011472,0
44.67111299513472,12.615006984287715,78.03822099626268,1435.9441299819405,0
58.17285843814659,13.375404563900414,77.8913009520966,1558.3013678323705,0
56.65367233740221,23.260273645676893,73.95096245465396,1529.583486834533,0
48.25495181263719,19.757295547561835,85.70671326261197,1543.6465545858816,0
50.91820605600454,20.77186930799391,79.75390245740614,1485.5125862392308,0
44.30179168705527,21.28138700135715,70.74756075091213,1435.0928445358275,0
69.69701177808473,43.42215025245973,95.47963804366347,1163.1266036305256,1
40.317703151522345,11.572087249469774,84.48925220566757,1507.4159460199655,0
52.27675332860972,19.4213710356437,85.96568033216859,1517.8152489601202,0
59.4969356969941,22.19238947158901,85.22682324028425,1442.3361246523566,0
57.86292399960824,12.445003809780168,76.17066326126437,1573.0275141652348,0
51.928228396956705,24.599805899144904,85.36849912877332,1496.7510135667328,0
80.56560593868461,31.073404730304116,97.41109563953324,1347.156415446131,1
88.40752022648921,46.44544859529444,119.23543958796549,1285.8083669689822,1
52.93112188276199,14.255384865245418,70.65691726556527,1553.7955874207669,0
57.63611878908573,18.973239809777326,88.43530903694933,1410.4805078493812,0
70.89050055228279,33.22615566784215,111.9731946504073,1170.93787294275,1
40.283672195455225,14.466995239606998,78.94109308035141,1443.8378419012195,0
76.4124160839096,48.33650581280187,112.50948641842325,1313.3761909015693,1
51.24407070719779,20.80199435935451,79.08888782306951,1537.4868670457938,0
89.51182375792885,48.78019576063389,105.38102574921406,1338.6895989142993,1
89.74165092119127,48.91217763631027,95.37616569560662,1204.5024996510083,1
59.359848114549806,19.439560584468587,81.34928989137715,1572.5906430262773,0
45.970372493660705,23.9258352314801,72.61368836072725,1564.2336513553253,0
55.54675194851461,23.335382175532867,76.25559238951476,1536.6481103189606,0
88.75995388772841,47.35677338462759,102.62518486784475,1191.0595207054114,1
65.06521394347635,41.39118247478157,108.21071708050006,1293.973757068331,1
54.27016363352795,13.608992180653418,73.98938121035444,1572.2020192131422,0
75.55289169349031,47.48500332458252,96.0680498193713,1233.7194927511393,1
42.61184914602273,23.83814804516833,85.08095143342084,1496.5790726009668,0
78.95695357339737,43.12699735643877,101.48390830397474,1226.913761655439,1
42.38596649227021,18.18541229740412,70.43114084624028,1516.3598256060418,0
70.22842879412408,34.19109476514692,97.05165121652541,1338.6005879072636,1
73.86895823435452,48.457966253627106,110.22242434268775,1149.5675552257455,1
43.835260197409305,11.28540114867369,87.58764345070159,1542.4265904675167,0
72.58195572085299,36.376131364044745,115.80640515194547,1268.8698066534876,1
71.79736876983284,40.4285043033634,109.08874230661357,1345.5709724863848,1
45.54271498091912,18.395693222978117,75.58947085280896,1416.3196972790554,0
58.18773897869736,14.831284973867298,70.4723706986851,1430.5473854829652,0
85.90813034275696,35.50445961022866,105.99743431662326,1184.2246048449447,1
80.34194266256135,43.51755483979757,100.54474264780266,1203.4554453430633,1
89.46809951055748,48.064149342253145,99.70407305586437,1154.049928742683,1
59.9480963315863,16.07233671837415,78.61322850328642,1591.4389099528046,0
86.82487857558,38.47775545467891,116.47994928285634,1348.3674764725483,1
71.60039725778826,38.70604661590649,102.06248790605646,1287.664543989003,1
79.54229061936931,45.1355533176081,95.23670623204387,1159.0302021693772,1
54.595350229325994,16.392215916766016,87.92026123294885,1527.2791580821322,0
65.9580233354865,41.290995120332695,101.15284049416958,1177.202229488426,1
57.85159590653531,19.75422943826926,87.47101979981363,1577.4166071849393,0
82.67858884846761,31.777264157466615,114.03753066509897,1169.8711318848143,1
42.575374591107476,18.706709448993372,83.23740263121002,1547.507483149393,0
86.5095304937741,43.443801145164706,113.2333566370409,1178.7727078897092,1
56.858566022610255,19.464908666465227,78.01804451819089,1554.9576029496209,0
51.18564917402915,11.58176349380686,87.39419353720902,1460.4907557043332,0
47.804935416038276,14.980310938098693,89.16203155799293,1543.6796584430417,0
43.9208341873305,11.931326315514347,71.87732766332815,1478.070356975209,0
87.15059406658133,34.31528295338132,95.66074147185975,1252.607524749907,1
67.89406387684296,39.89759591307543,113.36489970203782,1342.2244828684497,1
50.68530429907662,17.943487127328723,82.74545088889813,1514.9781538670566,0
66.48620920331798,42.65060809505825,111.6236292480422,1267.6304219479348,1
84.7129720935416,33.54267784273183,102.81311153007545,1261.4640363543122,1
56.96607152556339,22.51860316310215,77.72103168755686,1524.2395493758536,0
65.27998010087519,45.2743345738061,108.69498687627063,1307.9099066230388,1
42.98416534411161,18.44505083899864,78.39217463492302,1423.357621091966,0
76.72401587269286,36.71791716997941,117.44415499921129,1297.9396314725575,1
55.60140750788723,19.766207619054875,88.26531939854894,1584.8160605797761,0
49.05874613130648,13.470805234812339,73.54978679817516,1513.3833404692027,0
43.03902241463199,20.963216291214053,83.61913853439697,1491.4486206046709,0
66.79848653218295,40.317187285740005,102.9959238541332,1177.5498681484323,1
55.5698538356091,14.290049528073066,77.57768660753693,1437.1271736739443,0
78.63217400573312,43.599356765495614,95.1248396117836,1155.822732160341,1
46.56146425860982,10.994552998797163,72.08933276453979,1453.2269877886238,0
51.25898437868388,20.98458327564549,78.98723886709254,1586.8609677451464,0
49.804572310477866,18.424242024900856,73.61007221991073,1539.579120368234,0
55.17215788794728,14.043688963892919,73.80623914191389,1446.775531024491,0
43.625939404428266,11.143812138035639,81.08170139923037,1485.8052225235328,0
76.83759034778575,49.67600839869669,105.66502823892594,1214.593310439538,1
47.395379680696955,16.225662933431714,76.89576742789933,1584.293746756662,0
55.6299190205348,18.149255481245753,72.40120913980059,1497.6385951544994,0
74.13959211615247,33.9430562721705,112.46375621381515,1190.5171083259172,1
67.30971556421085,30.901276754606947,106.10676215533618,1115.1387410525533,1
55.01754369069164,13.826359764414075,82.30397768897848,1447.2532952355627,0
70.04015679897108,34.217449227100865,101.31534907955906,1325.2740784292987,1
57.97837797856796,17.830568544095136,71.5571292958661,1408.4668182308392,0
59.07081625422187,14.878445469909472,70.59533911883359,1518.919297166667,0
82.05669425457626,44.94333462143731,107.4618431750358,1216.990465558252,1
48.56369775489682,13.257113254345512,84.72804702713239,1531.9150918604466,0
49.57991551344229,14.555159698091877,83.85702368501522,1514.790127314107,0
40.00037840097784,12.94377104304144,87.51033028305815,1414.6987523363293,0
73.11674113216905,33.57226054615274,104.43614904898412,1307.9386723546866,1
77.80775783152819,46.921542398682305,101.9311461760194,1135.0004330526574,1
52.20614348344144,22.346259370188182,86.56535551295079,1513.6196262555322,0
74.48348062848004,44.73591252013823,102.09375219329577,1257.857711602092,1
55.91958537634606,18.84644374027169,80.64408110542148,1547.720716558624,0
53.945974367316566,19.10517571037139,82.77641827670273,1588.1881917607564,0
71.17992108846038,44.30710507424311,106.99393484094345,1325.2025294530656,1
66.83076371513542,46.40389622106602,112.49672969411573,1255.2004156742353,1
49.9752060109914,17.181248971588147,72.08176358171272,1593.5433205907038,0
55.433082527450985,23.831152096957002,79.96178062335517,1504.0132947396073,0
40.32759697745867,10.331063424614843,87.29215628348175,1559.002481189839,0
87.38797085469022,34.37616014215851,118.67223238853147,1204.456439176313,1
46.77264739698907,24.665252920745026,79.20442836895924,1405.7579361676428,0
47.702411008382455,17.924584714279202,77.14538024326629,1566.180198188321,0
66.44759327861232,48.41350729625255,112.67318901639264,1164.4234727568526,1
50.11435840265625,22.43017441224608,85.44720607400357,1523.0702105586229,0
43.35113239633903,16.78489100059039,89.18026434212206,1500.87236928573,0
87.77069119576566,40.59016156123139,100.80294617233059,1309.1425951504534,1
82.43057485244972,35.276593802512366,119.91035376240059,1311.3964818709742,1
84.44080500130408,31.907314295295983,116.89988819106148,1126.8013077451108,1
58.21874846801462,14.784859459866345,86.18298102996222,1428.8305890507804,0
42.05908844245923,12.637850380520684,72.47329039674248,1512.7104979347503,0
55.5727904355141,23.969430367431308,71.56960009367683,1595.3059767688553,0
71.08756462783803,32.12806858345342,104.83288826429309,1186.6383478348332,1
68.19184316186913,45.873831280588654,119.72347795438941,1103.3292904771308,1
65.82712312383467,38.277015972186895,100.35730730140423,1188.5779039355953,1
84.98514091873965,41.98699786466183,119.07198930232559,1131.6725062072912,1
58.36955524317595,16.929942556171927,73.49677995942656,1477.5934408037538,0
73.02698569534442,45.56027397943514,97.75488745033573,1160.4932827970779,1
77.90381218427162,39.53826636156784,111.86738257276595,1160.344781050409,1
71.3986108495274,31.45229901652182,118.36880859066147,1168.1659698599335,1
47.44630173849155,22.853736816587734,74.38787413091109,1583.2571100732275,0
41.712088246331085,15.313273214414469,84.52842210084029,1488.128568659323,0
82.48332533413361,37.67136646253097,100.05829006778968,1295.7615670494433,1
41.30952348164401,22.34406683697464,87.32528519101017,1536.0201493779798,0
46.837438690731325,21.21682568871748,73.5247548727487,1436.596673304701,0
85.34785138233592,34.41751785018164,109.22082319820622,1237.045668341387,1
71.72996414737743,30.97816215408195,119.02798979539156,1343.161307901179,1
44.03086029190818,17.879576486507496,87.99635665690677,1444.117959763259,0
46.4159609371649,11.17194766506245,86.92095468922273,1472.6044986592815,0
80.3493259238104,49.882632204750685,105.77600801356415,1316.528484249314,1
88.65281023900168,45.713176065101536,107.39316685272637,1282.1126250597467,1
52.71472374129951,16.42136980150115,86.7117742686035,1584.698265762772,0
75.00109350177732,32.63966188078953,106.85182360864273,1126.2813065086366,1
82.56354917219474,34.80717659761376,100.10648231294766,1306.4182940283843,1
48.06909202370523,20.713756677978726,89.45183046063003,1528.4516247914185,0
41.84595768567292,20.9364192111925,76.97932083441086,1412.866562737715,0
81.31673671099013,43.812946747352136,104.62065870304085,1203.8870810288793,1
51.29487029847451,19.69173108855062,74.43017531609703,1533.1462541443602,0
81.67942382495852,44.29526856823625,113.9396278350487,1330.5387974937032,1
57.54370097942821,12.196059476557345,83.16078282939259,1497.0351946173137,0
74.9669842798272,39.37533713906873,111.61216944873883,1318.1242706116702,1
45.159989451759856,24.402876767768873,88.67707724720097,1531.8966917379198,0
87.65987428191134,31.45445827441447,101.53031199276165,1336.2089115750196,1
77.7719768359268,39.57180694048725,114.26581945322877,1179.939789873118,1
40.81785884435331,14.978221233946343,72.84205609208084,1416.7032127523007,0
68.23267354479748,43.6093910118576,116.46025451199463,1125.7813177647959,1
72.53856956308472,33.679374465507784,106.1759033916252,1332.8868900451334,1
66.4467474047592,48.081152291442784,113.58772319559259,1234.1880844424597,1
49.92012867631262,10.815588361436447,88.33406345001436,1586.5632789166254,0
89.28378177033764,49.32058097549776,107.33867085570436,1120.5431946276888,1
45.89516840831635,13.565700036119111,79.78374344347597,1531.3493523455934,0
86.63469742356494,30.12748114259606,118.3647542707106,1235.0951700922778,1
65.30130088594541,38.855940078308926,96.69713511392538,1143.269609094737,1
65.38495331794911,47.27166319730293,112.7929203615083,1231.729759123006,1
59.60334192846196,16.523981608120934,78.26091171438958,1432.1895830036829,0
78.05115954730331,48.987537855435214,97.87105026457118,1164.0198324876328,1
77.6478008619311,41.39377504317268,101.23783299029229,1151.4099947296254,1
46.696667423157066,21.0409213998608,81.14946782332082,1505.279578494671,0
81.04490741314657,33.75142466070117,119.99884097961089,1211.0982396396018,1
42.85462897901906,24.705826357632343,79.64691578106097,1421.7806745959347,0
53.33665604776963,22.620617924765412,77.65085159342506,1569.5480485648227,0
47.32098928466034,10.838454475956137,87.83728604167446,1516.7614189705077,0
87.0394023004715,33.02754704347489,97.00791536047218,1160.8970217751842,1
49.32163255790463,11.255403243869903,83.4858897395849,1561.7422038241255,0
53.828358667339685,14.132604103957036,71.47221390750431,1577.7077785697963,0
77.99571830108977,31.32935447725732,105.73980536570895,1215.4072018092888,1
56.293131292599526,19.302050910016987,89.58576593157647,1428.041447382423,0
72.9440769345863,49.84809426097679,111.05047718095344,1330.074577605555,1
45.8753496455574,23.07269619808605,82.21126291927833,1485.4309611235594,0
47.1190193433257,12.675209768579537,87.12409019063978,1444.4411967530452,0
82.31325059812148,36.78063810738973,111.47900425428169,1237.1464270799006,1
76.4375806601347,49.369524349082475,100.46022464578436,1199.5697840109228,1
82.06796730987031,39.938611153576474,105.57109643875782,1208.3545415744663,1
56.3278264148894,18.52387287474144,86.11036537749122,1548.2743959703025,0
80.72651556152228,44.406889087197364,105.40238004867696,1196.2733094411485,1
41.13808606533907,23.430751102658377,86.52299160016486,1499.2126233399106,0
40.5912262352339,24.627545428143236,73.76025726972867,1445.094696643434,0
73.11597591786635,36.671638212855974,108.06298044825692,1330.5000496081184,1
49.89737419691219,16.278523281389717,79.56774597241773,1589.7466004143364,0
40.9428667895335,14.583036327501636,78.28445869244946,1574.5643180364812,0
85.08695400220728,44.23538962763603,108.2916043875436,1275.8729955805904,1
59.80514046897595,23.320519174589414,85.5548586569843,1516.7126864891654,0
42.60159681794466,11.321760142013215,81.75699941688502,1458.714355625572,0
66.60131678547806,36.299422499140704,97.21763417699621,1284.928222192176,1
48.99771514134567,16.13640411371188,73.5527661472881,1540.048040103964,0
43.61550304348909,21.30323580008919,87.84451148539198,1565.3494316512667,0
66.82073191183879,47.919508951069105,111.59235823639591,1243.6003636885425,1
44.02866096061351,11.819452320311235,76.5507345457528,1543.2930616584238,0
72.50648767060596,31.23794404652213,118.3646519932216,1309.9173528752958,1
40.04148452550864,16.225806519811776,79.90107925664665,1432.8719415171058,0
73.7495855840846,43.13961541822266,110.85044131302942,1325.0564842986284,1
53.14940447616132,11.803051243424717,77.23709343013029,1567.7428837514824,0
80.75917091629663,31.804250031285182,102.45748433661065,1148.5224882177865,1
48.8265237368128,18.830075838018335,77.77957131120414,1403.373567175301,0
57.6506958624916,16.165402682966217,79.13807774029004,1447.0405553471076,0
40.91618942944191,18.051135379490006,86.08129177314797,1550.9033870040253,0
58.299543761123005,11.453934005645255,83.68999321168643,1421.7973638252606,0
43.121600468986905,17.826873094259362,76.8997882844393,1477.6583349850257,0
54.1932072072914,19.524507233921206,82.7574021253001,1427.0470334134643,0
75.76079949314135,41.36579318322833,100.12327832500243,1226.96704080046,1
83.63993121933159,35.279269447667545,97.03051071386624,1247.453153691427,1
56.89309641039932,15.42294561964709,89.17343693522062,1406.9136662847968,0
81.48488346556758,31.934997236305033,111.8134479199898,1153.2221420489525,1
47.90762257331319,22.220684708749346,76.15557311902886,1455.2889103570624,0
79.0191770262835,34.891178779168285,107.91519708601504,1168.9723606663747,1
46.598396936939906,13.18204201874438,80.43124537188804,1400.1273061068614,0
54.465266874244776,22.655596863481055,72.41928365703362,1532.7368023480099,0
88.79109171372558,47.322528162210126,114.78899419270235,1116.08532879602,1
57.07153714961038,11.150802806372416,75.3750368640977,1463.3212807110913,0
66.96470999046487,48.071478685039324,100.46192965813464,1275.4811683143996,1
70.06691903615399,39.12552140957531,104.66039238032991,1316.1069632496508,1
42.889044898073784,20.7324417083751,86.67821847559031,1454.0971840459663,0
47.964835351081376,19.397338624791644,86.28718099810983,1515.5913602872758,0
83.27624419307656,30.32597156653229,111.06473910794686,1226.1420269209987,1
48.328766561585326,19.02052237741149,79.20797527364418,1593.9726110380748,0
48.61037154607517,15.016930084638934,83.9668412623759,1518.010447894691,0
82.812880685021,30.590138177443908,101.56961549430157,1339.2704853864298,1
59.77224177348502,18.846400140705576,75.72321490884318,1562.3909204096005,0
70.17340403717758,42.50101029466081,112.65154328228084,1159.2069911356195,1
56.14961784713428,11.500335217017321,70.81137029369013,1558.7863992001307,0
69.03014798174668,33.743279182659116,96.68034599655057,1159.8676163788386,1
50.90124723182381,17.01915940038582,74.41736937115334,1548.269265725816,0
68.2684280633784,35.80731993738469,113.46482837188655,1140.6750563237217,1
71.1085054501683,32.45552425118223,119.3098692355254,1163.2934183113584,1
55.294626349736994,12.466804876010585,86.25912718466847,1426.513119712966,0
50.59070330339434,17.51057613972774,82.71236249881015,1562.5517116874066,0
70.19033863519758,30.35300171761873,96.44406068783341,1307.2513957510967,1
41.09337795597666,12.222024506926271,89.03684823352434,1481.5892376480856,0
49.9596214670384,11.297373524090212,82.34796198877555,1426.8720188853417,0
57.71451240087835,20.229566020005127,89.35449515166195,1533.601938099365,0
46.87561924634246,21.58037451450959,83.01552611585609,1459.2263094648436,0
56.74423449992979,11.046069074579627,70.72553246303877,1518.3099772332814,0
66.18965503124764,40.75203876529379,119.92186325584015,1122.2605233186175,1
57.478343997901874,15.81160649248568,78.67526285959762,1571.3159701228872,0
51.82982953494051,13.094549322034986,75.51169464012546,1433.3592366628875,0
85.9182380430795,45.781348898356185,111.69074631170217,1249.7159579174845,1
87.74583404903319,33.07959255353065,105.97731377273033,1256.5219054606644,1
65.98135251811628,43.70520580277412,109.90691088869877,1129.5942072369724,1
78.05935147069171,44.607593576916855,102.76733500816357,1340.4116743031886,1
45.21060602615209,11.343135842068538,75.83061824491351,1456.9411595172724,0
68.44631805988269,30.175692373463285,111.1554982885715,1330.9610226644102,1
86.84869448119599,36.57679944066656,117.6281783339401,1246.9707959543118,1
53.914210622912265,23.010460508610095,77.08538329646879,1537.8656183606086,0
78.76934412883105,36.704957413202656,118.70276303283498,1262.857560784501,1
88.62757191457007,49.448393221539725,106.1301310865762,1193.333393790648,1
71.16572672630583,30.07469475949269,101.88994448492907,1116.8396534483913,1
85.1766089055048,38.897159491704855,112.48762001455273,1270.6677341627978,1
51.02400982199084,21.095514210636303,80.82343544843414,1555.2267661195124,0
56.690436853262696,24.989832451056156,89.50621242733261,1502.8261551803866,0
72.23096250270751,49.267266967978856,105.98070010734641,1191.665112971185,1
78.42200236910277,45.312864039118224,100.28993374729333,1158.2870568672258,1
57.11093152573228,19.348401771668403,89.5380111598486,1526.5420974364763,0
49.782569510509695,12.68330898859321,79.32074544476471,1469.8702662528276,0
47.579795905753976,21.811339207360312,70.58714816952087,1598.37133876855,0
58.68270974347561,11.539146077146249,71.11344107691534,1511.4914153513757,0
51.62980803392329,19.61886458349413,72.54189124113007,1586.2449878127188,0
83.04808653071194,36.429357191447934,105.16007552212496,1344.0456238280165,1
85.64051963536272,40.69842179448056,115.4482072720885,1306.2065285949834,1
87.78922536317468,38.93877018235065,102.00386521888026,1150.7872112496266,1
85.39196186833702,46.177729732517605,110.63939402335161,1305.0738173541026,1
47.42276740595958,19.06430772579735,81.83108642732981,1440.263725455769,0
54.637567218471375,17.39553370763905,71.32196968786197,1407.5694477500786,0
80.30587727838035,42.89720205618703,102.72801987289346,1278.6184770629202,1
51.54177973898222,19.846285274005872,88.23053817065946,1561.408534250099,0
70.93031631985377,37.65111720567909,100.70027243237575,1121.0733041213932,1
70.35998634772616,47.44676037776776,106.2264226628054,1341.2875131266271,1
88.54887452295613,38.55127715652368,97.37502038281396,1250.6434619908778,1
44.99949725476884,19.193998891580407,85.93706668954647,1572.1597465552127,0
58.0949982239335,20.517996918100657,72.14581634928486,1572.4131242455262,0
49.61517496190909,21.419002071921966,79.71355795012863,1482.8179414590713,0
79.8592407815682,33.630842343262906,102.64196406541662,1342.3332747369845,1
59.05198625273782,14.579798987841304,86.74614667318734,1455.6615228683156,0
87.07969595363075,44.78879941202318,111.48684260763153,1270.611018747015,1
55.3292155213919,21.132570920401918,84.45239719073781,1516.5442432074558,0
75.66060472647148,35.81580813508381,95.08874521579547,1184.3969162122335,1
42.0317255299031,23.374615189725525,75.14038519978554,1405.2648061900377,0
57.15627895846713,14.672880870605066,77.69421972953306,1466.3201489471758,0
78.11751618340003,44.50715909572369,117.6540999727672,1159.124992047059,1
41.15399978954274,18.568075162126227,79.25556579196626,1587.2299117300731,0
71.86411013557972,42.4641602546412,118.58431903274146,1318.84004249787,1
43.17103790339703,23.207830425826316,75.3653120597268,1426.6323084649553,0
80.30943509421246,42.40957971580782,113.30700575016357,1222.079904799641,1
70.40100150310306,32.61024176510428,113.49505230469106,1116.6344214161306,1
55.13119406649662,22.066952252161066,80.1007365454755,1415.1340075260296,0
47.768216173497784,17.98564176221508,77.88179868031492,1488.8377226511932,0
45.655991594389626,18.60362630351815,84.95300945166906,1489.3942089562522,0
74.88403692617204,47.038515996675095,96.97830567362975,1231.7831077966373,1
42.711783253111584,11.55216963260131,87.88771719381907,1493.607064704344,0
40.719073926274135,18.6555127713302,83.61512112271241,1413.4208335660526,0
78.60415355616686,30.759030141167326,116.9718578486613,1160.374671628356,1
77.76524147655171,38.08135293009767,109.38005521382354,1274.0125869016151,1
83.4337241537109,49.197655624846,98.23279525416493,1232.8129360899284,1
59.913572207881394,14.383247420135987,87.46928802698994,1535.186242740555,0
80.5482089389988,44.50544645139473,107.32441124889063,1231.260614506991,1
48.19678630390327,16.06005617079152,86.32228738855689,1403.3699794597248,0
77.95842276280385,45.83077502432154,101.14454436757275,1264.7258474898117,1
75.04223977302166,44.45819857270951,108.12676979537467,1172.193321411991,1
44.78374661931139,24.779677038851005,89.19570128517722,1408.773917856881,0
43.9656191977137,23.169230785576126,79.6612323974408,1565.0288504436076,0
49.69714595160752,18.053929086706923,84.55935219455726,1414.2783497080522,0
46.20890723414159,17.83597602395868,87.30444233451055,1590.134638954441,0
86.02160061799886,30.305416608175847,107.43568395677451,1203.7682147761036,1
84.15121851414264,40.390778109482525,97.96420206087004,1294.5359625982285,1
44.9167747360779,14.151520689673161,72.34691005785075,1491.8799572280714,0
47.90828157243485,19.43312114906117,87.93735479479594,1541.738826619825,0
46.84355541845911,24.32553641235521,82.01241818467057,1445.043933580814,0
67.88736979820875,30.55044234507536,109.02550447539124,1254.0839638142995,1
71.3517212996222,48.385903820867036,118.6549400986912,1294.6012489273444,1
77.73833659831989,42.395272409342695,115.18522555932084,1169.0336956483354,1
46.89012160009747,23.229679703749493,77.67060900597433,1447.483019187353,0
56.57664226036583,13.148592655287871,88.33805943883382,1525.3079790600357,0
53.64231407744211,23.68985207643443,87.9072893610929,1451.965190774439,0
49.30752977342907,15.154691871523518,77.48975403464497,1530.0658405407225,0
49.673005606313275,12.6600708852432,71.4772139489177,1492.752645407349,0
87.52501130210429,36.851414195486115,101.70438716061733,1100.72659958875,1
45.53195714879371,21.03543934315875,74.40486289350146,1419.8630578524123,0
65.15562393192786,40.835799319723414,96.4947385650971,1190.9421101655687,1
70.5402463525701,43.39884163356078,111.68099300518871,1348.2515276175916,1
48.97956693023309,21.62395913889157,77.50217706511368,1448.1633282136468,0
77.68262231543386,42.10156367241668,110.03679467694022,1335.8855717133301,1
52.16029210360753,12.953027728605258,86.05112760163232,1545.638285321292,0
51.495231982216566,20.84233080849442,77.92779193265444,1482.766548470487,0
40.12578197268694,21.09862080877835,86.17022100653057,1591.7385203971494,0
50.23687842527793,20.547717090618313,88.18055873396642,1437.3926901639184,0
73.24230665761065,37.629476292989835,97.31538191986036,1171.006929556058,1
77.86759887408195,37.707004748183195,111.96959312997336,1243.2974071255676,1
84.36755186284462,39.86284870483286,99.43547355114606,1104.9464419257101,1
58.940593586810394,14.22473927575743,74.84520021633082,1441.7182623160838,0
71.02227725720391,47.486793904862466,104.21103042746431,1240.9316284345737,1
59.118905270248455,23.63927890780583,73.80767685657956,1488.3954689748152,0
89.12596289341252,44.54067716577857,103.28402765285854,1135.841993250321,1
65.66106197034168,41.17082892975084,99.91725329629531,1204.822446868873,1
72.243419438068,40.69799722841716,118.74007061101165,1210.787064917991,1
47.31498433591083,11.726058092470916,76.89557357231388,1566.911082366418,0
78.70090845630509,40.649941375717226,109.73814797875212,1249.7622578076598,1
83.7824244913329,37.651892639547086,112.72229535939368,1212.0784759145176,1
69.02962173658426,35.334604678034424,96.35097086314403,1145.977741842413,1
45.07019952015962,10.512411158512782,88.03787582870507,1552.0784128852765,0
84.50780880323842,37.19374248250796,96.09081343655237,1227.6614175893526,1
57.672267159518,22.92455460414866,75.12380138233532,1400.0768006330336,0
82.89170174582327,37.7018022939036,103.94289771917096,1175.058504472188,1
69.12098528733895,47.4775365419147,116.98349129657058,1334.9663901748045,1
73.94839629470658,39.99446161853311,99.72652483970727,1235.70362255284,1
42.03344680692587,22.188518352978026,88.50172326945409,1464.545635816904,0
82.99333102760593,32.444015130096346,108.40001352675061,1118.3494597393003,1
59.335676402507374,22.792216611218485,71.81028796123583,1467.6142261792559,0
47.50689912040125,10.925203552535262,83.26613028590478,1588.683698453202,0
76.33171572700246,43.85473783900848,100.77068988818526,1242.0233112735086,1
55.58723153234861,21.620755632787024,76.4823528325156,1492.5766130879383,0
41.898731850250364,16.62595557715927,85.79312453118287,1568.5655834275278,0
43.93852956040511,15.190506157208397,71.26799173394511,1493.6724218178817,0
54.80774870509518,21.69868788041138,70.44059001450476,1532.9537390790279,0
50.71425430934298,23.385488260476784,83.59601394725557,1424.2900716980475,0
44.56119897589667,24.613758354343503,88.09530953015438,1568.7070661556215,0
73.27082440152046,45.53462235795874,111.3606947300721,1342.4991016461793,1
56.1496688182615,16.444014535942227,70.15615841655674,1428.733552155901,0
52.6034493594794,12.586308887285451,83.79976979104782,1443.3950482536013,0
40.13850280573496,13.044771618502718,81.1560436395654,1575.6448367354192,0
51.31057634852251,22.757898368556972,88.84318247631708,1429.4680675564252,0
56.83342171836276,19.608124105650674,86.10205048628183,1585.652887012246,0
88.23251496025786,48.17528024367774,113.1592395141918,1306.5727891798906,1
52.677071002426736,10.855853271151926,85.22962091906248,1443.0339560797145,0
50.575648515410684,22.381206169148165,83.64260783119403,1410.594719091749,0
59.61185949508946,12.286630030318829,84.53632600292164,1417.8040964620043,0
79.57204092914694,45.61761900854545,112.35639344172522,1133.1766715369033,1
75.64458984240449,31.77141501937881,106.66558035773569,1275.8967585224466,1
65.96399388614837,35.513916242342745,95.51118877518044,1167.936245481504,1
67.74464816019233,47.37353909447855,99.46177208372187,1300.6565450081985,1
82.39985395882643,33.71890509012348,116.98866053121415,1115.5662940255813,1
46.89841216598029,17.127156038501443,82.27000383610223,1468.306696330495,0
55.35148415840791,23.516334861622855,71.72319897438302,1455.421079409603,0
49.68198137604987,10.180185279041615,79.25517960677337,1522.2768200269259,0
69.38301529981408,31.097373021119715,97.02868527356136,1226.0541932163735,1
88.68896569729237,45.3482448389948,115.79133000466231,1246.0621333419401,1
65.16436120687924,40.63469257709038,106.22450043068257,1132.8720459836002,1
71.35527446632399,48.52580829462873,100.06779473888157,1164.4086734364882,1
87.04440476076027,49.982077690164175,114.54346331686557,1335.6826144757108,1
65.71482461602136,49.37792189858386,107.359949285056,1282.4872110506276,1
51.01388154040525,18.958222273488495,77.00534836764116,1555.8895862572303,0
42.459065671027545,19.185178145370138,81.93075819826383,1428.5275485176924,0
83.10839086824093,46.37559988931282,95.08216395263634,1328.57728650634,1
54.018601495290014,11.729412447853004,77.32671352738214,1551.0104804574587,0
40.553296006343054,11.14565941601563,75.04695691157305,1551.7229885158058,0
45.662140672354816,11.398125305700368,75.5736045867745,1528.5489030684532,0
76.81894507159829,47.18824839773793,105.06835026811872,1123.2094646820092,1
58.08541150700752,22.699065852425313,71.96154314072706,1525.4348920791772,0
55.29202057939676,23.871712170259855,78.18480041443038,1561.8804387330301,0
78.63420915411865,37.09418402867799,113.71747446207462,1117.464478078631,1
84.60386422829106,47.19476522578844,115.96322987033331,1181.891150571977,1
47.78732369084902,13.742208967564281,81.96442909778374,1594.9647562563152,0
43.55726270210826,12.61503642624739,87.69094542107254,1527.5444583882518,0
82.19866205759456,32.742602085396456,107.39621040635188,1270.4473154465018,1
44.3342371097275,20.873424530449768,75.50934139255699,1504.299425335134,0
48.33753114768453,12.954303689745794,82.57021090500997,1407.9440480667615,0
86.87792149562955,31.628780670292745,95.34861414313805,1338.5032539333777,1
45.61102168250208,11.192948515062769,75.78803173694959,1454.9739882538497,0
56.5022328384558,21.543459778661834,89.35504194529683,1434.9203368525748,0
87.06282854639221,42.330298362961905,109.26109469691964,1186.6662456577312,1
48.114973768543756,18.89026100956724,84.49590053640114,1496.0138991099361,0
45.8931697607689,20.21516596648845,70.41569793240687,1588.0589801747733,0
48.25818669005825,19.707789689283683,71.1627398099045,1522.0103202542416,0
68.54133830856438,47.79281066513484,97.34638481124793,1348.5096973491322,1
57.895346085146585,20.521888312019556,75.67108340137338,1508.0379077626367,0
79.67258041439436,34.536963893859664,98.09152600025041,1339.69425844671,1
70.5534922708533,46.22954929037108,101.64864430191713,1292.296697489433,1
52.725258792502984,20.26400910635185,81.43807730971798,1474.779187991155,0
59.763677249263466,15.351406134151949,89.52182281117501,1549.103794408076,0
59.77661585382488,24.88235706481863,71.2410887536304,1567.9572495121092,0
50.79142324461695,20.976036052090997,82.46181373948225,1598.37526986521,0
80.08646482997064,36.80446790336879,100.29692419124238,1289.5288750008654,1
88.56919752974187,43.11261911109307,105.9627924491533,1105.4360997152303,1
57.200563471112474,16.79294300048266,87.29008119064196,1423.1007865708762,0
82.07705895949044,37.62639425148867,95.52069382500284,1342.5639738359994,1
53.350375237767885,12.367916202501181,87.37835696159154,1404.3162257094607,0
84.34017608107821,32.90934997077968,117.60653895269726,1331.2307916566874,1
40.11744804256624,24.73259758904848,84.97990308757632,1581.356309312501,0
69.58110092819028,48.97174535274722,104.15184196918638,1292.8460976901004,1
58.34310052319614,16.289775648254853,85.93048464678144,1454.7147424724265,0
49.778830791296144,13.915695273483756,80.16074570364593,1487.9225957487631,0
87.14583902352621,47.948562337614135,115.0956459318777,1145.6049098702003,1
48.27547022065628,19.000185490590034,86.40669190167651,1474.7780947199162,0
71.2185701583438,42.292819975599095,104.41321287453633,1151.201006324862,1
83.41150505999752,45.32660420667797,117.75908860628343,1314.1901393232188,1
73.50073594383514,34.963559497749294,111.24934226690505,1224.7803811508684,1
55.46442530745223,24.949121095444156,82.02225498577606,1594.01963993975,0
54.859433443642374,18.255751844473494,74.58312449593592,1511.2762158106088,0
49.997005517727395,13.86992954605248,76.66734548475154,1506.458535286671,0
51.68982152481319,10.909530235426871,83.28150912246316,1465.844767247737,0
89.8020839599468,42.293392682356156,118.63548024914684,1154.8895621898298,1
57.07995960524039,11.451320213337581,82.74824208186138,1589.2120268162319,0
47.21507860423766,14.752515336890191,85.89970500940916,1435.2997109062587,0
73.71421682846356,30.877729293455992,116.53405247893686,1118.3778846543353,1
78.07410022608724,37.15600113923505,101.45474553760701,1247.8182866845307,1
48.25335962512044,24.73033188425638,89.1551866426745,1510.5709265066032,0
49.20985612484644,10.795572615424414,75.24263920241462,1538.3664532364496,0
87.23476319254942,34.19845634403218,108.82605252402531,1307.9348529026356,1
66.42598363018219,48.37788859654588,113.23190370786315,1228.3540359565598,1
49.00155375656339,10.008197790781121,85.35622085663724,1491.432577944385,0
71.84980823445925,41.32468446250219,114.96915370948794,1291.6097129418154,1
87.5964437851179,44.54305692385273,118.56858586140484,1135.8540843301887,1
67.47650475077988,37.19206717018268,110.00628362983039,1193.752318936411,1
50.69233339903721,11.82441402596847,86.83646564983695,1457.7854788314478,0
40.285160939901765,15.248358314802573,72.95491012936198,1463.1560624364708,0
76.94470988426954,36.71584582455694,96.43842165962437,1161.3322177296714,1
54.61830479015319,23.920968050246582,85.42085063916821,1568.2368230101329,0
82.54300391056792,48.787580150558,108.86205893189566,1306.1514166670677,1
83.99431651435754,40.557572573591536,98.43668002147524,1171.4949383483138,1
43.462693598730176,24.536294237618836,89.82839596235863,1503.2725792126653,0
67.89459164780828,42.74003716132245,102.89904097976387,1316.7995838762913,1
66.75528600133998,38.96115848535592,110.3164310420408,1166.2852566236402,1
74.73721887051947,30.862680596667516,106.16305589639006,1147.2959188321554,1
56.422034760727726,13.88209903294728,74.00784920697943,1516.7815503686509,0
75.06698249914763,37.44306265336895,116.83524797696367,1209.517079612312,1
84.47769134268847,46.07484511147537,119.63234644286419,1164.4380069885958,1
53.28979482213837,13.490572134615,81.91779264184609,1476.52109931427,0
73.66129849420236,35.116207153531924,108.87185386148147,1180.521671657021,1
69.99845182802532,45.34473201872435,103.60681261044886,1177.5597876869085,1
57.961956611888965,10.25476159702013,71.3271726959304,1442.3763702194888,0
78.0951777835948,49.12340170661143,99.70248021232871,1312.4049718880065,1
41.84397678798744,12.686830666817936,70.82688447374079,1435.229980187969,0
59.793487122875455,18.59329567650615,84.12985190771971,1499.9709364142454,0
84.94396254688706,40.40271887770661,112.38451370886915,1346.113106806334,1
88.2862246515332,40.2912022677885,118.64436553419577,1131.3266313654203,1
79.84008292346338,41.6907153848005,101.24370022101856,1130.846636114955,1
80.2091598874492,39.47182449313367,106.62203856428012,1328.1702534412527,1
51.87095310628469,13.032491460447332,79.77190049329815,1579.1934793572532,0
56.35585548565236,15.842040615906559,76.19512598402514,1467.5926525075777,0
58.036321261069666,18.698759271853206,73.84716102687494,1418.4997622079848,0
69.93256074938544,31.674333283457436,111.29337416993766,1294.4042938074322,1
77.2488136755628,30.26737891791249,106.3809619874863,1305.768786562515,1
77.66315120138862,40.82001893390271,113.22955494722119,1229.795979073614,1
44.598027356183266,24.07762088296274,80.47303133784122,1514.503458376527,0
53.40196339517978,22.810431588388646,74.3103989268748,1400.7070976632576,0
72.05256910905712,38.8439860794361,111.17000642445778,1148.8610884201762,1
50.811753209959676,11.627360316484463,72.63556260637367,1552.505752947478,0
41.17496583965521,13.13459747221417,82.06108664801084,1470.0587571435844,0
80.58862059861762,38.68794595365878,101.39294373962954,1200.6521972540547,1
72.1167201457179,36.66594002285037,110.8400465155817,1313.770208153439,1
40.37296346256489,20.262279032924788,78.75304391181179,1453.735322252082,0
53.12116128929409,15.037787854414178,78.21072698683943,1407.9725374504337,0
74.01487764737305,42.052541711765144,106.04625740672284,1157.5492316991174,1
70.73464027594507,47.57910702096929,116.24572537789786,1169.0764305405214,1
42.07346422443746,20.000336860905442,76.7075323242549,1592.2056163310922,0
84.64776453618182,30.524000301605998,100.99659155056534,1346.779043360784,1
86.24997342893788,39.59240248592241,103.72403718500064,1285.447649500133,1
50.46436260964215,24.553537081732365,75.10766197820382,1564.6272244335075,0
53.68320378680076,16.099977628831503,75.71356455256554,1408.5262315155128,0
75.67031576261016,31.830844963344553,109.58735652116607,1192.4465216501517,1
40.31304866599025,12.593290058592713,89.72124223544665,1400.899396043872,0
55.11866365873438,14.505052536897018,71.37643544086713,1404.5164094697686,0
45.6571778793743,12.339369506972666,77.4129897206406,1461.1824764483756,0
81.82291416888789,43.034989143210396,104.65569531542324,1186.8540604744546,1
48.414688903252085,11.369695978850967,77.33837205628278,1400.1289883155362,0
66.34030759748748,48.218315307628245,119.55341210972648,1163.9613542652414,1
49.18137781173755,10.406765569658033,75.42375197632754,1457.9149565970242,0
49.909104753329224,13.829363610848045,76.79354501826755,1413.8676188854342,0
55.369416390902096,17.86037902574632,82.84812872371161,1550.4649784371538,0
58.117325156019554,23.56070997619133,76.63335033740913,1479.535474270482,0
47.04649910145217,20.5012921704035,85.82948588681391,1461.6754366035411,0
56.2227159147034,13.163823142383215,83.98178362747305,1533.2342449100033,0
76.27552839602698,36.02581649071516,119.28919544052692,1153.1620025700317,1
40.506306657171756,15.414138751967712,83.31662874054567,1500.795038102895,0
86.30126688070919,37.02967436006135,114.94574370301461,1160.0135307731618,1
84.20659348654904,40.76896226092213,118.5084699135935,1195.6992620696296,1
65.83827959789613,31.54233483943924,97.38459668224992,1281.5604157551613,1
44.10761060362116,21.47775376437376,84.91438898218058,1463.4298032144604,0
80.49720086375376,44.78210845673186,117.02127356471489,1277.8294493678493,1
68.85121848246119,45.0268637213377,98.08599649055338,1272.6595155187647,1
71.26438384341293,38.226332721194275,102.01524502632518,1316.6330223712202,1
57.81536230597176,21.745863946722263,88.5882191095233,1546.8321883910583,0
73.66347019138261,44.50211568520079,117.60079905388302,1263.9412789218707,1
78.463874868311,41.4688923602684,101.59601511583745,1228.3012223137766,1
50.54370106283235,16.24297579876589,75.29883658279131,1534.4697148393209,0
47.72073934003332,22.165207390248632,82.92876049573371,1403.384867543594,0
45.29367229105173,24.39451369422268,87.20322317592333,1582.79740944724,0
84.65062650493817,49.66960721773028,118.9197855386158,1172.4696355510675,1
59.14578940476606,11.583128658177117,79.67572563068677,1551.0616159605886,0
55.68317450216189,11.106606750925714,73.75880676629414,1422.5502763812774,0
57.10453901735873,13.329031911230151,77.88112668763493,1525.6925566644252,0
73.16266073095258,43.935930417897396,102.74240832217708,1288.0652523878703,1
42.40704343083374,13.997009667128037,80.03213252445704,1429.4231574644668,0
82.17875501386031,42.22677621671468,118.97255271133417,1265.1249743344958,1
59.946859763139415,12.742664610411028,71.95057313619,1404.8351505717517,0
74.49942509728757,37.830816329393635,103.10825653688346,1305.679631491988,1
77.70306654744181,38.113858085852904,118.02892060980696,1182.3006802187854,1
46.99805676324747,19.951427398772378,89.37932638682543,1459.0376267418164,0
71.10416257551408,49.37553784826687,95.89905879649214,1292.1258880500948,1
59.74416920166955,16.721556046184418,77.46836132745901,1434.0759479045923,0
71.56054353140904,42.542720587824036,97.99220743989186,1227.4223447915297,1
43.218427555445395,21.963896370776183,73.08297027663383,1436.1620926746207,0
87.26036802808109,34.482792656460326,95.38825187152594,1314.6517657683046,1
85.3553871925975,41.2786853124734,109.03826916511466,1159.7147340467513,1
72.3638979167977,45.623832354010574,113.50233648942901,1192.173600695651,1
50.863566074926105,16.587239028661298,73.13673811235269,1542.3426426704543,0
55.360366880503406,24.364707662109616,77.10269884835887,1517.3627836910525,0
76.4895194457744,43.58874058835423,100.09672695393908,1310.5022479635707,1
49.5174054764191,18.035094809891547,85.75472190282956,1404.8014951132482,0
68.6696534554375,37.61914268189849,111.50750677910628,1102.1629140525292,1
41.3210126012015,16.123298953410558,74.64557012066322,1572.997534178257,0
44.403539381215666,19.00360893427496,78.04509604621515,1534.7969303200803,0
56.66655717842778,23.389831089353866,76.30464608648761,1523.7993328856792,0
77.19481961076073,47.677375904265915,101.50259410072012,1123.1227505804038,1
68.07538683160448,45.96731372891125,110.21087061166504,1157.0422822546984,1
71.45958368314496,42.33270523465995,105.46302333967614,1347.7985530017584,1
65.1336722315837,34.88716757866267,108.54181835184433,1164.8768484136108,1
83.99644689427049,48.9399202586065,104.77342516335683,1142.1190516087518,1
42.77917196412546,21.05452549976656,83.49649921445445,1467.880039613808,0
51.17207804293497,12.194807050556348,89.1724028094549,1480.6544044948682,0
66.36994020181824,40.30984121670603,98.87728855841007,1121.6148077389253,1
83.69008045591872,43.77428210926115,98.37358588662126,1215.784998144726,1
56.149499319410346,24.61968088816109,76.69425478048964,1406.377275088042,0
70.6907877208806,41.01717361686834,98.29952549371573,1110.3851651340271,1
43.440460535274816,19.876595660630304,84.3784694498373,1507.586055954149,0
55.107736880856706,21.40240994371433,87.7614831754661,1510.3431569804875,0
54.57386690693214,20.88909141441449,78.46600084807095,1468.6657820208677,0
81.38073252419356,47.8721875935822,119.4172538763367,1208.902961661246,1
47.21805219185389,22.181543574634134,78.57247279666807,1470.306252463856,0
59.26452566258542,12.609601080406696,83.49832236260465,1413.2958621028001,0
45.45764660820783,24.64989648088406,89.6482463181572,1466.728346530454,0
87.31736940343434,49.41714306573921,104.84554329856476,1344.871384025211,1
84.52563352502531,36.17808433763915,102.59036276385599,1172.728600222061,1
49.90580158643206,23.849887163744015,83.03422095338782,1482.967867435217,0
53.70138424037818,20.390588913160688,89.31663008533829,1400.273860771274,0
71.4666274154096,43.602454468894834,109.33882928332912,1198.3568788491957,1
67.83224198879222,48.24161075107344,103.64334130606132,1214.5119478794036,1
47.732832483972444,16.191515527586805,87.30975653361156,1482.1497941699242,0
81.10609311049603,38.75828092140252,106.47873353204318,1335.8960115035725,1
43.8941083458181,23.411635711713338,79.2842286619588,1587.072602723428,0
43.032337254724844,12.113861953925063,88.2739877679334,1543.0797880606933,0
55.78246319804806,17.131027411749592,78.05079399461194,1579.5117295628365,0
42.76538732959472,17.948347564250476,76.93269431797046,1419.0194380090538,0
75.13588195914079,31.661111472945976,100.98375771379288,1170.9184242346637,1
82.88000097210212,49.16263123203955,113.05508822360879,1110.0881665570823,1
69.60009304431591,47.42586999551873,108.82099281370594,1307.6698335397311,1
59.006559369345005,21.887509440940825,87.1418297727607,1539.0278897262215,0
79.22844183000149,39.241999284918464,102.60812363765652,1283.764299141736,1
80.12057081569817,40.96252133336148,107.91817246465159,1107.9981755146657,1
40.351388459336604,16.263989028842545,75.14495486587023,1433.0126121669648,0
85.34043293680446,33.78919933039846,95.94062827034764,1119.3956424271046,1
43.511376506517266,14.487204106918552,86.98870773240694,1401.7785449571322,0
55.485326090540156,10.71657728829507,79.72215024274384,1566.353476457945,0
76.82541480948035,41.10880868947965,107.60609093133547,1314.3061743923504,1
42.72964210882399,19.551938833939356,71.41559342092944,1564.191840109661,0
70.61095309784416,45.06669232271869,96.94858334512655,1330.8799942865635,1
52.07685052496677,12.076949865352915,89.70144112141946,1542.2244751398823,0
52.132689990094036,15.992977681581149,75.19536094870985,1560.7080516711244,0
55.80883355169381,19.436629444565824,80.28987884247441,1453.0250345079448,0
77.42698758776173,43.15469870284147,109.63774116316489,1205.7787380613345,1
49.39533755451753,20.20022363292225,74.44443656204453,1558.7556405397067,0
47.266570039964236,20.106599059624607,86.63417921018493,1567.439686463878,0
74.58012173044395,33.889963610331094,112.35873827059822,1326.8027082410192,1
78.33700433658079,42.77752545026556,111.55869346017477,1283.5636659685008,1
52.168236052650734,12.70857238403849,73.96991524439767,1473.437655363872,0
82.40578527416643,47.830280301104764,107.7943467450599,1260.8365810470855,1
45.22997758096483,24.010907390358447,75.83929467910382,1459.661214185286,0
77.28446639791929,39.13604169763327,103.91697182396607,1160.5677862268574,1
65.89718590580266,35.492062687450115,111.50087268724158,1221.1751661791523,1
88.79340688340669,35.571178127827324,107.68449920544965,1131.4296751768532,1
47.377107567351395,13.841743492212697,84.48691342534931,1593.1062258613938,0
56.08335435863394,19.16995938829787,75.4098440617991,1540.1607004055365,0
58.26002031802557,16.42106356107623,78.00514614689345,1540.0716114958318,0
78.90571076403263,41.12600616945191,108.0116614320076,1123.7821201850256,1
53.23921519312146,10.996404909410945,78.49584351361621,1494.4924712247334,0
79.89466716982568,37.941769003016894,113.1073215347573,1304.644067106362,1
42.379506584577875,22.800478832388073,76.85584041327053,1466.1712422249782,0
58.22745299363591,19.896625465244632,72.27572204137732,1437.2629087577805,0
43.558842826839914,10.073169582322754,80.34945807852819,1486.0068053422879,0
48.64594028233502,12.614483966670495,70.83111188002431,1460.1056972347617,0
69.86030874312189,41.828077694101054,97.96144738883991,1148.8289674470816,1
53.68430714431018,19.47291750270714,84.49961737872248,1454.7672863161126,0
71.49190808797641,36.05824493093688,108.280820768384,1130.2606389494997,1
75.36376570202147,38.457116323810375,118.53291294217334,1257.6817694620527,1
47.71472338638287,20.86769899150949,73.18280942681,1585.2346091449037,0
82.85443324836217,46.13164917226784,100.25758625150102,1150.8171778000071,1
69.81471628674998,45.61360643129706,106.77443582814291,1232.399456890874,1
73.20420521432736,43.74525301025093,105.87210765734046,1244.018961818002,1
46.05994204599401,23.35477266216396,87.30707943558686,1536.0754502354598,0
51.57940920995752,22.977509621827707,70.78422636852808,1499.7548997078575,0
42.32032100202142,12.212103312280922,83.18236464871308,1425.2597089787782,0
51.356829225557654,15.360403447768395,72.11443046821137,1509.9767423578883,0
41.228892904905294,23.206322002838903,77.24236246826233,1580.485798900113,0
76.33588132028248,44.16093331755449,117.12661761396016,1165.7486482153593,1
68.01772014593634,41.67570592729017,113.3531515816232,1286.9411607941754,1
41.209181528277384,14.938508313081305,88.75849119661561,1501.061901273582,0
78.23901882792283,43.18595335325354,119.52017350590631,1280.5381003192063,1
43.09330124739692,14.175535457864676,73.92721977245635,1587.1364314727557,0
53.68202626832701,12.36960792984302,71.95793190020889,1428.0989334087208,0
41.04671194561008,23.613079957952507,85.49144333978502,1556.0211923950756,0
42.95096767813589,16.81686989274571,88.29234264506805,1474.566485882209,0
51.51922104631961,22.449941188919304,75.76101232250413,1436.2547184312216,0
52.14010190816494,20.48342522776034,82.20974045424899,1421.5885399312708,0
57.78709643721042,16.58869311840274,78.57036653411251,1575.5040042760218,0
80.83343489676567,47.14229391467083,108.39576150806154,1237.9343170919217,1
75.43435004007546,47.15469403041406,111.4666843251359,1269.2182085672998,1
54.96335676044392,17.73989665471666,73.38952653184873,1409.938805585876,0
80.79201619884604,38.8813474708659,95.66977263817837,1198.0449046917424,1
52.70845881005667,17.622984823868535,84.54788436670606,1482.803481827886,0
42.46481134032456,21.48927487929206,73.01205200389454,1562.722860483726,0
51.708191115755376,13.167954393053805,71.51371324744716,1437.7683087706162,0
73.57688195243124,38.13632480034841,111.72011443975173,1265.0347449445874,1
40.107351369928054,17.010121942679042,70.59413734055708,1524.3272836336973,0
80.59952132592622,47.96576491643854,95.52951665673984,1314.2044732351987,1
87.95811274991316,42.836233658650066,95.9545129429329,1168.0077861725672,1
74.07535293699573,40.96996730687643,104.747983764678,1320.4664401984282,1
76.6095105261678,36.48369306257648,109.68487886308066,1254.4907623221695,1
68.89338028951937,32.837318635310524,103.77442210838393,1216.9431614650487,1
55.85156250777752,21.77431531120299,83.8665688204285,1478.9914606215746,0
51.210923101980086,22.632912445353586,85.23323966106447,1439.9531177614151,0
73.82680058122983,30.46090328973334,107.6754515842774,1111.0199319742558,1
56.899838661809454,21.642220477901404,76.74935564593297,1594.4323649955834,0
47.13495520109731,15.480149156533251,83.29571209027445,1472.0304228569403,0
57.23716137559325,11.049919174150622,73.12091695271464,1458.2186604279907,0
85.79906926365591,32.286647598786004,107.1295409635949,1118.0511095214613,1
68.72382954715668,39.328046212927724,108.05956771597441,1271.225636853321,1
79.6361784900872,43.458147140198946,107.71607615584458,1199.5573129302663,1
80.76413481943474,44.17773513034654,119.60054206014014,1277.4574034633,1
51.57772411213077,13.912585448550953,79.36384946261492,1427.2908395286947,0
87.36921019556476,42.057075924710624,109.02248939506231,1118.2067065348288,1
56.81381171695382,20.470290182187828,77.52551130031398,1461.5923506750491,0
70.40634360656233,43.525250372653446,109.75818272361022,1104.8733878475962,1
59.80618138340948,16.84835397608397,72.59888783077614,1517.495310629087,0
59.81009075497742,20.85380569505775,86.92019121532442,1597.0413053502566,0
54.77048851468233,17.204610242240143,70.62790310696464,1550.9475670840359,0
53.31062787118283,18.892132450146757,87.37111037092671,1427.7907693201705,0
54.06357540096508,20.765631732984296,78.16400572556995,1563.1916757334848,0
67.95888203304055,40.69214861093235,103.95062547769297,1296.100144231004,1
84.6025826573673,32.26517937511365,108.62784632181564,1336.986978889364,1
49.157106805381545,20.81177807772525,79.09318245905698,1511.8149960790731,0
87.54199885805961,47.47748567091814,104.74044658551914,1184.4380453359802,1
40.020867628847505,10.911161111120297,73.69106377365522,1422.7123231685507,0
86.63100475523738,40.03171566786755,115.47215033014487,1264.8845458003152,1
66.10391822369621,37.793122399852,116.97095496512475,1171.2510322722367,1
46.12532720891346,17.312653035681496,85.02965118644008,1453.2089379354015,0
56.78036275033311,14.169144609870772,88.24993973769156,1441.285679202972,0
77.94483847073754,44.243190039282055,106.51051389385069,1169.073716631822,1
51.153402282133094,11.40395491750954,87.8834218795334,1454.3679560196683,0
89.51771040003048,39.66438853495215,112.84230179824135,1189.3638514621616,1
55.4331056652007,17.496395241932618,86.9730260129988,1556.9258153224444,0
47.29919321973315,18.17523362932366,76.77123450172157,1599.4380652035516,0
46.1419037084289,23.520637622063774,78.0095425770347,1464.4443202318885,0
81.96440127291504,30.45910046058114,115.38459455440207,1275.046089353095,1
65.18571952601562,34.29175691753038,107.53035731205424,1341.4814938005127,1
85.73692344424762,35.56950228150947,98.75155101814464,1261.3268165253326,1
49.54086565162089,22.521573088020908,75.6211354133053,1504.6616418512467,0
49.36494378069891,21.009392384275074,86.85143964133752,1475.4390560257789,0
82.3332884793468,34.58520537991401,95.14191187211384,1175.4746607591946,1
50.43453756234581,17.096360421365265,79.57029121568648,1487.8583966362726,0
78.77066339141086,43.144456564608234,107.2442993059787,1291.329234953953,1
79.62791323249132,32.97944242046027,116.91913105276856,1292.0650470388262,1
41.97015668466467,21.542224471641557,79.20585688628366,1475.3626265545493,0
52.61969739199302,14.487680835863646,85.50657896669335,1537.6191952401796,0
66.98816652333358,36.618779090046154,106.20908017117532,1278.2802579444983,1
43.2554136149788,15.238311907876174,88.32108491651452,1419.5558600052748,0
69.6562055703452,44.703047296807036,98.2938146870254,1269.9672591230237,1
72.45230834325187,47.0173915388926,119.5936473853407,1102.3692479755198,1
74.57653577605419,31.437875434229035,98.43521212114828,1104.605568464143,1
83.24636373522537,48.013581471322354,110.09119975124096,1297.5455001245805,1
72.68874193454828,40.00396564806311,108.30243586924318,1287.041778317306,1
43.31828371163645,24.022580326251056,70.3261994563931,1407.6579809743585,0
66.9283192325352,41.23625212630751,103.58430167344333,1272.1246756952232,1
81.39328176962648,31.83695107468772,116.93209209874601,1248.1556401348414,1
88.60942296559071,39.92728438592599,115.61420317437043,1104.1489214100022,1
52.37556430137034,17.326010153546687,76.01222722487556,1456.8655958081538,0
86.23346554663462,31.494986715463266,107.84192438364676,1100.9192778531951,1
67.21595023000933,31.40129441237963,112.26327011722942,1107.422648997885,1
45.700454097478655,17.584681941615642,79.07474414998593,1480.6682812438821,0
57.10416615028949,16.689664372053752,75.5777555666023,1474.7889637044489,0
74.86671471600394,43.85303182436355,95.96651330395669,1201.3315142222884,1
68.47101208693506,38.96291515707734,111.28628420366371,1147.4347930805684,1
75.8687032021245,32.10256045439271,104.7399582147516,1240.2066935220764,1
52.36162524076575,15.77784331900499,83.44901757047914,1467.0171420592792,0
73.16447900829763,37.74446030316113,109.15247248469298,1119.1990320669197,1
83.28253210430543,49.643902602921514,99.72837768672574,1155.7634979381583,1
76.2742649971295,38.82203779245063,98.85969888671421,1141.3144610595032,1
66.95844160317681,47.75998098007195,105.3246030119262,1256.7757706091757,1
75.43138189888602,37.47853603006649,111.67448994984012,1172.5571944432434,1
82.43084942910346,48.8870027601302,109.64358883871814,1263.8438593136184,1
43.786191278065296,12.781876779313658,75.75865979739889,1542.544592048783,0
51.266546327559205,20.68418587320862,80.42647721649013,1516.0737317272587,0
65.77177242391768,43.04704215039276,113.56832542757203,1217.5957445744534,1
79.57669327099781,43.37488513706384,103.21756703774051,1151.2096123511726,1
51.78691821217107,19.153787272429938,71.38285625550407,1464.7295227741474,0
76.47720783573695,40.77681210399128,96.90084222560569,1304.7383420827591,1
51.80452229136566,16.587670280240165,82.30268517564085,1452.002980769558,0
68.93067579131791,40.719983666606495,119.176941113596,1204.1555468716092,1
86.61184331823289,42.598916634232225,106.4205144039136,1258.101342454176,1
69.48789043342855,30.199174639008433,112.52986308838635,1136.5020712043865,1
81.17497053434522,46.83171594817515,114.18361550809934,1164.936038886449,1
73.57359934579043,37.842814901325866,106.24655576122166,1190.8074558987362,1
71.61322875126055,35.07959620125587,103.06595291521622,1272.9420302459912,1
66.10355805388247,31.77327076875949,102.361994125123,1120.4240614009277,1
58.10541978305307,20.65789904789159,84.70073624526559,1588.924931008055,0
46.65452612140191,12.4151752244698,76.6311918562667,1470.6310463263976,0
65.25340767701726,44.54263607068182,111.09112271893193,1309.7796150715405,1
51.33942050426258,17.08611190553411,81.89738494503165,1466.7183468429337,0
79.74101924288395,41.829446520091224,101.32242542497248,1189.5909449380745,1
68.03153444555794,36.46381523382749,100.44124786310424,1162.6465211962172,1
82.73009169074447,42.09156104065152,97.4706671149115,1256.6483968176399,1
56.89320640789559,12.092550818734061,73.84030035072651,1590.268233122308,0
88.07231075153277,44.906625264804276,108.89110341813733,1286.2277604211365,1
47.324110885129976,24.017680657703508,78.49224157470361,1471.992226476605,0
83.69730557186415,43.84604792425382,108.25418915261673,1252.1662344051024,1
74.30710187891593,41.41584832107818,109.80902489423194,1135.335292943536,1
52.52183633567024,17.35261324839577,76.34317953007454,1514.9926494470085,0
65.43313001352772,45.19767348104814,110.88454678322022,1280.2631832507004,1
72.29501137232145,33.45041154816627,105.52787592402366,1298.526058278511,1
54.733263933840455,16.06478817014846,80.32193308475586,1474.420531080653,0
53.97788676951697,13.433348748626464,81.20551527597729,1575.8884113214692,0
58.457115326197396,17.14105993419848,81.26020241396468,1498.6136095283478,0
41.568242016280436,20.770671775143764,78.53765640671163,1502.9595179689204,0
52.40750464261084,11.344498622939302,77.77524522351031,1459.8155962216629,0
85.49298100892325,45.60577351501607,100.2832041128981,1348.5156752061212,1
89.21939987490724,30.504397594192643,101.1945417906492,1168.4926190011638,1
65.79857652514124,33.124604612490714,119.16819578655418,1346.829455478801,1
58.031237453842756,17.285900085525196,73.30220307559554,1462.4182611835167,0
77.0176978700934,44.53967803176793,115.83922015907848,1188.227745801975,1
52.19012770428356,16.201486637614263,70.00254092065987,1510.2855105085841,0
77.41433526620138,49.93183585523845,96.17294410539382,1240.5529016783082,1
47.824226533615786,20.42563131706438,77.8341748812646,1579.9696999654107,0
59.18461531621193,16.88137126666057,84.0863424456095,1555.409676936445,0
48.44400485219397,17.49658953555955,80.69610651598893,1501.9537625713085,0
59.32157912096632,19.280073719242843,81.21934338119364,1444.3520504327164,0
74.56657947505637,38.079774817217896,99.45768198188783,1326.2039485047767,1
57.342504557103474,18.939948961664697,83.43889421626072,1554.3070263829156,0
50.93951957603637,13.646419855139516,77.18152861013455,1490.2543854966743,0
87.304177147909,34.65119374399288,95.35395881878794,1168.3533779248107,1
51.23987663032425,13.133393896622044,89.02295119182878,1597.489397704652,0
66.687184238929,31.62222665068373,98.05689038105824,1274.0344132226962,1
53.292469447577574,11.699431257835382,83.51658773074018,1525.2763735203023,0
59.94425985794169,22.06289826316722,89.62097339269664,1490.8442070508274,0
53.66184406541193,20.70197290489947,84.36878152046515,1461.5001872966168,0
59.95464032840604,10.361175365706556,86.74816202251913,1505.3769083659304,0
70.55669674160187,41.569477891661336,103.02163460719746,1216.0805738154984,1
72.4386924161226,38.196559136072864,97.2274409267183,1113.4307461412209,1
65.80924155541152,43.82443978958659,108.30084624950955,1105.6261809411044,1
82.56901128836404,35.94285706827478,107.74968241391986,1120.0419062012338,1
40.913526649022366,16.30205768331676,82.27954050764568,1554.4785328134158,0
45.90908161368526,17.25611281345041,80.22617441339995,1454.8248660113388,0
74.93231557371222,35.52768243070875,118.42230467496405,1275.482861443974,1
40.72207699888674,10.87755707089628,82.45832293164989,1552.486306049273,0
65.69020254964857,37.46079836178606,118.49437866304574,1302.390823989586,1
69.84083247716683,44.82191331243314,110.94592965952052,1294.9578039067999,1
54.19345933393561,16.961314152029367,88.27493795804426,1543.587801067822,0
87.82931912594542,46.73577009655247,100.9181410319462,1304.5566398220014,1
84.69364046133131,40.99339355572119,106.30134244829698,1228.8903731689973,1
70.69216203826694,42.75276457181108,112.43613393775084,1203.4391757395074,1
65.88409872048183,42.63702420557715,102.44857952984536,1306.308725820535,1
70.93605285588794,32.4475600477496,118.91211839328182,1226.8877212774191,1
69.80081123299445,43.34480146311895,102.60855008291503,1285.3478813988977,1
82.14632028957327,42.67572015985635,118.39268323048108,1209.6961000527413,1
49.375925751945815,20.21377812383325,79.13310039553126,1480.9827709204164,0
65.19950277955611,40.616059002231204,99.13801401367691,1156.2696111949215,1
88.00792041450507,30.10057806516656,103.5794995040803,1260.5508659248349,1
83.87377118860823,46.029492577568874,105.3680998163992,1318.5416726395788,1
88.56566344262536,34.71109681150438,97.35736629415169,1303.48530684441,1
75.42095202896235,41.85740625211949,103.43699637614455,1195.845829332785,1
89.00244346771208,45.77106769266108,103.43158518735711,1348.3392420743203,1
74.87099283608126,41.67177402921852,106.311281125244,1313.5741690334412,1
88.6130915719036,35.88914977290188,116.07812511928441,1269.9795290496515,1
71.99522279828687,48.86786123617448,105.44035422588146,1255.7042442196298,1
77.3783787398006,47.01032711573107,100.90029617352673,1155.9561924289267,1
42.29537063270656,23.810422585148096,81.31158470566965,1546.4316245424438,0
77.33272065584211,34.03057182638715,105.31547512983224,1195.382206932584,1
74.92040371896053,31.754888045858824,101.58824847354323,1348.372469380249,1
40.713658394129844,15.022964089929097,71.30229425049109,1478.1654019805585,0
43.86044675872701,22.549771766674162,79.97566621548525,1430.0393793495823,0
43.62320443204223,21.64045358437513,73.03325616399472,1437.212399851801,0
50.825806465901074,16.003315147857094,80.7992105793911,1439.7957953601021,0
66.54657672301131,39.989404619775954,101.16352531662204,1222.206586832575,1
82.05644573603018,44.12383221844998,108.81826445658243,1312.2688016012557,1
79.21782631500145,42.245674307524816,113.88295758312766,1210.9071177923488,1
48.17808528207618,11.080915808040967,80.51683606941415,1508.6074228428315,0
41.63771587930016,13.85528998941639,71.76668509068963,1484.6430161013473,0
66.06176953621541,38.85052761225406,102.85328942264199,1283.5871045812385,1
54.62413121448357,11.148560855601376,82.15109827625228,1468.8562685320353,0
45.72675056476775,16.50494459268808,76.97014573327212,1422.6004083642645,0
74.57062975135177,41.900382888832766,105.13216727296455,1340.2139959679953,1
53.89636524400018,22.56928421133017,80.1635456915964,1550.4083560191139,0
47.828256392864674,16.94022397333018,75.0972578259914,1489.5299968152956,0
89.18352550418456,45.41625894639904,111.34419767629409,1225.6121563394945,1
51.74133913127437,19.43557749277796,83.87453419281866,1516.7241208784633,0
49.95528158507022,15.522665524116853,87.95338945907021,1523.182296163065,0
55.353546599688016,15.355972137248317,80.22492068463443,1477.8790626526481,0
44.84901808586279,20.345616093416005,84.95991468474725,1560.1581096291836,0
57.82960716659514,13.531996738030385,75.60957923000069,1593.9366415772736,0
45.37766387426075,17.62646996025841,89.67075845509214,1575.867049104033,0
49.52069669930868,14.560510165525274,88.06087434077992,1461.028780891282,0
49.201572147539814,19.464313163863295,80.31592964336097,1515.4282610550067,0
65.71972319831565,30.929062596868967,105.55199067189382,1319.518559522983,1
86.10735397957541,43.82987996683972,118.02609864873016,1231.382638377641,1
66.98859690989619,32.94345005320554,101.42671379520587,1267.7775906448694,1
47.207879509615545,23.28938532439183,79.99880251533173,1407.8430510500023,0
47.11727877738622,17.060017404595143,75.23756080213896,1416.1648750952365,0
53.966112463958126,17.09920287389415,77.68330891969288,1561.4652158689044,0
48.76815682646889,13.473086259112339,74.93409559482971,1544.3212376715842,0
68.70815920837671,43.865312914391446,105.41331131029843,1270.2587559204856,1
41.42192921835047,20.46709253662598,77.88411643989373,1420.516154240203,0
41.5205365876511,16.514883164819587,85.53513835321066,1538.8433355910015,0
81.80398219699791,39.82240651112785,113.30025722295962,1121.4837381152802,1
89.23824824799223,33.45226865529194,108.72707988689828,1246.6326630147762,1
81.02611634971788,42.068833299199405,95.53911539608448,1161.2211239934866,1
86.62975558555247,41.76582304029625,106.6121704851384,1129.5837707098947,1
86.82316191896565,30.724174718375327,113.95532083584683,1169.7057019229426,1
58.81693789385266,21.600502608868958,79.19147516930404,1406.2080046143049,0
84.85748708665665,45.09921487153179,106.33694814081561,1105.6661089424495,1
65.25485361010665,39.97310096209628,96.4313005226293,1156.2179665836018,1
41.459806693092645,20.26932187359749,78.76451058351152,1552.3033660357155,0
44.63150843346527,16.057707729794615,84.22073580402973,1511.3021005630244,0
47.83415882805748,22.061816108405793,84.88509242943324,1517.6803775748501,0
74.46203907590765,47.27440626441783,97.34994431404023,1335.4380894320384,1
82.2408861847604,37.33892029276556,110.362404739685,1154.5130860278416,1
85.72305232616941,35.492498432232054,102.75355457245865,1132.2879928085736,1
87.6988664513254,34.41473524929048,100.46070607246784,1347.9565750647157,1
49.98484908656157,10.521462224293787,84.17678252269803,1575.3935060690358,0
56.04738337747042,23.46052126209174,89.56953260256357,1417.4266564889374,0
40.70116968021818,15.847078985067363,79.63466374552239,1591.5367560688794,0
69.80228910343716,34.728414087187325,101.22557139991163,1272.9006646854575,1
89.73953397354735,44.21509557522192,103.65122798404828,1231.0518979078308,1
48.60830533070136,19.993136923548104,85.20903842033974,1456.0777732323795,0
59.76381348271113,21.42054076476689,89.45448141504096,1448.7118945321467,0
74.69217706613138,47.361304175626245,103.99943615327118,1169.7647826030982,1
66.49743666648676,33.59267452413748,105.93416339361298,1321.3439585440462,1
86.31058229811207,32.644081332136984,108.34730056192495,1164.3899916356745,1
56.15742182481262,21.92581162125242,72.76364394962499,1521.6439141420014,0
41.88930317500958,10.839527558005841,87.7411446701202,1487.250247174536,0
86.6541690673709,33.27064172565113,110.50138894064997,1121.0981089590007,1
79.12235781005596,34.37375880115791,104.29842984677639,1140.2934276147591,1
66.102447039323,37.54085006845737,99.76608213728605,1177.739102685506,1
80.40469249536639,40.225724695309715,100.38357249233694,1261.2284230925206,1
55.14509466959961,22.98579403881475,73.1426263878558,1420.0882368611183,0
41.42123740994432,22.229361872174636,85.00895250321258,1579.8175552918365,0
58.07286751923708,11.350669173146947,73.93283274592275,1577.8266920135777,0
88.59648004502881,38.120952666929114,108.49885982023254,1269.6864384787998,1
83.87882192438616,48.25046200462312,112.73592074545641,1148.4280615145128,1
83.95298833816688,37.53460154611442,99.74052337577494,1316.1589855950958,1
51.59948384317809,15.929462147433078,80.77966448138245,1542.5286117473604,0
72.75160809396449,49.04519730934373,106.47532399803202,1260.80360046215,1
72.61653033878656,35.48376512623623,105.50320981400706,1343.7879872851229,1
84.91590554202519,42.98771286639766,101.16359903448732,1247.9081935739523,1
75.36944351097384,32.82211342938537,100.92490610003817,1264.8455258838842,1
50.382181740494374,24.077973074341845,72.78240819404172,1591.3669295590087,0
70.2721572234757,34.00735648819338,98.10647876497494,1267.9685010566095,1
55.73128370938627,19.83566309948166,84.1900739456929,1464.4569008047517,0
73.58973503514035,47.027425135268615,113.54552543537777,1323.549210945343,1
49.1022731883803,20.65257961598472,80.3171568028355,1539.9935209333516,0
68.91331440886016,38.92450584042393,118.29908348085739,1286.950952476629,1
43.09785863862464,20.71628360902752,77.97034068918751,1592.2894543094112,0
56.142691377621944,17.15143382553643,77.87812946607016,1411.196182889192,0
44.54644374325087,14.692622898130592,72.98780200559328,1440.5461939730797,0
53.27924356238141,14.323463056268574,88.67994467385847,1538.1607817815143,0
88.65677747741489,35.908374717481955,95.57106015156197,1316.7097999598363,1
65.67531752924845,47.74597687869086,101.25338101156814,1164.1123165706558,1
52.069119209189424,11.8436741671898,73.39515273624468,1436.780059700506,0
52.47005919843586,23.807967350087267,88.2135589265908,1553.5098210766596,0
59.395457510627196,24.923252337269044,83.33804652600008,1579.5159555229777,0
77.5307246907379,36.92374745873987,114.24465241415704,1335.3967654791118,1
50.98717914679701,10.438164119065243,80.34553749801769,1415.323565592802,0
88.04175404882182,30.85788373862129,111.99303273869299,1213.8238289506892,1
47.13943519389642,11.965419781749905,80.88294976348902,1505.5232754693834,0
76.89254935574586,40.81316064564253,102.17422314971226,1185.8356855083653,1
76.6606426458718,48.42789023547512,100.35555650113025,1179.0858692642826,1
53.08441988589607,12.651068703300345,73.39124399555256,1422.3918803241165,0
68.8442571464009,38.62748875291858,95.42534263164622,1348.3427444116498,1
75.39021727285991,40.673521936139444,112.38884429507151,1207.1231345091974,1
43.73787716885973,16.02199525629081,81.51886857879347,1491.977097961132,0
57.0515204725921,22.58255339266332,75.08639375058851,1533.958102075619,0
75.44172142112289,42.018278397564,105.84433198128494,1218.9199782840064,1
43.58241767870544,14.229934741063877,81.06873799332325,1544.6459279129162,0
65.38435172171944,48.84407490408573,109.0683108577965,1249.5181873480897,1
51.417872758229535,24.54265682834233,73.5495808598833,1511.6855006449794,0
69.37371776662447,33.35508059881424,95.38008851557883,1291.9931620033449,1
83.84377752255902,42.24088139653522,108.74064677081564,1280.3404784465579,1
40.748378085975716,17.88729968334034,77.93377169250785,1413.320746842948,0
70.30117405257982,49.85172485258621,108.98153609081734,1218.215307720088,1
72.8092750735141,42.47821420802272,119.31533810760628,1211.1407125566727,1
70.24705354069863,33.21464971638627,100.12399796844899,1230.2824169349292,1
87.59356399969604,43.604444878941365,98.76810693285103,1202.15575448372,1
53.839774537207425,14.475534960180944,73.73113479084715,1594.2278787434655,0
42.139456903469274,13.030617690036816,72.94840783624335,1446.123249701391,0
43.67843877347293,14.44757616023989,74.92748276336486,1445.2170800142069,0
45.67278601881317,15.529773943362944,70.41069756680011,1504.8625528038838,0
82.38243153489134,47.666018966983266,117.31636784451223,1161.086227686845,1
80.64310727543781,41.96974773043806,117.00885251972973,1349.3471181354519,1
84.27324182409816,49.15928538161467,111.73419443752937,1293.2349298280728,1
43.08309631111455,12.707527224766686,87.01974902629223,1550.1918699501819,0
73.83130356164867,36.25383088737765,103.69839894140168,1334.6987825900615,1
59.463939361039735,14.910240857709681,73.55286442590753,1428.1523920484335,0
89.48496064841498,41.35100547741604,96.10792146419915,1195.6339242116737,1
76.30093550858794,44.58025103143528,111.27235619614632,1293.279690005074,1
46.08952997019634,23.239200424500467,82.4323389302813,1446.8057840970089,0
45.00219832385384,18.88424777776494,82.36304151884369,1572.3334846946686,0
53.63329194383372,16.813307897751827,80.3115112581712,1583.3301405100524,0
65.48533045843259,45.44648899700121,105.14879261854064,1235.5096232088308,1
70.7576140662244,40.188965909722214,113.50774124275661,1344.2820091667281,1
48.74209455082355,24.81459745088373,84.50408781826611,1464.4225515688897,0
42.09532275315982,15.575503483260482,79.70472604235235,1480.5026835122262,0
50.07221920673307,12.145795268309655,86.8210446534971,1494.8498632663154,0
46.87493315262234,22.67681985414152,85.85059723052632,1526.275414715469,0
48.68004673267454,17.015914174126948,73.20051595540062,1426.2054328355616,0
48.40997052779348,16.3495069317509,89.17125620661108,1578.088211558218,0
78.59473551323909,40.93895609014115,109.16350800032113,1257.1324494448106,1
71.75461307815246,31.03494908077296,110.52775892470548,1328.8910361737612,1
53.71528280297481,10.947334606559163,84.59270832572264,1475.5531123392734,0
55.22351770405605,18.903863273576896,87.05996934823386,1455.3301654075879,0
48.83209562919353,15.465246514647653,77.79016387397542,1546.0926403762296,0
76.51756898955615,34.60362974931337,108.03516256918952,1123.7967162158618,1
57.22596468392045,13.758476334749634,83.14237446877863,1535.671047465516,0
78.12051503695677,39.227327731332224,96.63314258088603,1164.9032830125973,1
45.520755004976145,22.61580874021916,85.72074334066662,1473.6788809371474,0
50.63994235388515,12.490218911555772,73.69570558190573,1445.5342892064232,0
47.03547422054844,18.507702632101832,71.86718768479902,1562.339291981029,0
55.46404832276146,15.747758756632503,83.91676676877847,1475.0884407846738,0
54.55021556574541,18.94878549756445,76.8744949550686,1582.6153454174882,0
82.15894832986001,49.635226567758664,105.51970587918564,1321.0535516303814,1
49.093800600043956,17.95058933909379,77.93914140787425,1521.35800669378,0
59.931431941667995,13.435325685689904,71.68582120947313,1507.2590505134085,0
42.75320542207776,24.14541908273649,75.42827984380537,1520.1081847513433,0
87.85035761267078,43.41576697734041,114.97396946094267,1274.3673438407473,1
44.23951587129277,23.593258729607662,82.90152624011611,1401.879237948215,0
43.40667273083447,11.417876923387594,83.42808044528047,1424.2071493011017,0
87.88354970021206,41.190237057645206,114.61498314887895,1287.9803356714272,1
82.26522629401182,36.22012533262714,108.58502469048909,1122.8766918929955,1
85.65648345482546,34.56741128479907,103.3651664224413,1180.0031350148747,1
46.35224513301068,12.933978471847942,72.19196144846853,1503.3651979067436,0
57.87394105743238,11.380255037654637,74.6250922185342,1537.3504639357238,0
56.694936845431954,16.84175028154141,81.74419829312893,1484.5202288650971,0
86.7447315331414,31.920314990919085,115.25353605203823,1254.7899347023963,1
76.20647179195868,31.53835192219704,108.43764981565131,1332.5381827286494,1
85.70136984606998,47.49955455436792,100.37478427849385,1171.8391609444336,1
77.88779465172438,40.0098498155462,108.09876445514772,1217.4055340768366,1
65.70061346850689,36.50789562694198,106.52176665621884,1198.1599751299323,1
74.05511442245827,33.97142192627297,113.64079507110806,1302.8905341677832,1
84.4813245847381,33.121083635332994,101.6639997457508,1348.4391403901982,1
73.05689186054651,32.319825797869974,111.34694519129951,1251.8935687723515,1
50.756505870406315,22.660058684007797,81.68347702607954,1554.2775874557892,0
66.95520279061003,34.86320729016197,118.22557356688083,1188.1452190916589,1
44.81020239396378,15.47124496448048,78.83228382823184,1464.3801484581147,0
51.98615817516251,14.72642078291722,80.32306424576028,1505.7681616027999,0
72.43863589344274,38.964319293262136,117.91849763166343,1219.2892988133474,1
50.202690506989605,23.351648914847274,86.24133589932859,1556.2858188284931,0
84.18462107007721,38.751321782961426,111.91987851748837,1289.9748043653851,1
51.26909307540714,20.95052967528536,84.1304226156804,1406.6776523374317,0
73.3281509587607,42.23439292845016,103.68310404149828,1215.6712823619707,1
80.43049676089639,32.76013876330327,104.12956798678746,1251.1126533242762,1
42.012415225490315,14.01807170936548,87.94390055964837,1561.4982136939007,0
68.7601161531311,44.28475139231863,112.03496631284247,1294.158788389325,1
85.28171521881512,48.8276481926593,105.90178418647615,1255.7139124085334,1
54.02145672833147,22.2219410023371,75.2933106843642,1447.185465892934,0
65.55577868280263,33.698477639161084,99.13936617272391,1328.2595096677537,1
42.86822422358316,17.11058578948713,82.26793393422565,1449.4321677360424,0
58.98593499211553,16.233061768613645,76.16099543631995,1492.4619992224186,0
76.9632430948012,38.4326754875788,113.23398952457681,1120.89048025891,1
43.70811780657543,14.32324210025776,80.7792646685764,1571.4423639256647,0
52.02615941521785,11.885597285492885,89.98749030041691,1494.0334285704141,0
58.00956090314031,16.10390088345454,89.95054687680778,1536.8346124417108,0
65.13633884371038,36.78591376934482,116.30414231089381,1279.778547958973,1
47.693748483910916,18.7364093981365,75.5741992295182,1442.588848691256,0
77.65374301762863,39.9582826611951,109.2198236148672,1125.3916869147838,1
89.46418033577164,48.022890519656315,102.60457232272513,1268.6091140815586,1
52.68494561564381,16.026837395482207,72.46789286747976,1512.8425740227283,0
65.45134679831595,32.6658433632051,106.15673825592168,1235.9198985319674,1
41.368688348324405,13.590244037365155,79.37896160743819,1457.8565359575143,0
67.61453758726027,34.383679079458524,114.47141126540811,1146.3432350408389,1
48.8973001183184,19.97346287404297,78.7287957061724,1443.835277781166,0
40.12312149504445,20.57760909105086,70.63023756646496,1427.874486483914,0
66.86484708781539,33.987786110513845,111.74802104189251,1278.8617926525117,1
57.69025980544488,11.76723931958307,72.59471648064661,1556.3527231872872,0
82.4103685116871,45.13798253978011,100.1514188262945,1308.943741236524,1
41.71092378341806,24.085286534521114,78.1439355405047,1423.8317343029248,0
55.94475909503114,20.99234061490074,78.02228825526869,1546.432404146389,0
50.91039606657059,21.59988334276311,87.48881192180978,1538.3378045660168,0
85.25305327029825,45.62404686905548,97.73375442498113,1173.6349261296778,1
49.630643736992944,16.027966845707304,84.41830000092648,1446.2368145241926,0
82.99891557581313,34.88934126204538,110.08188694893957,1277.9993833412702,1
57.663773947388464,23.237344886783546,77.599045598165,1449.7597008784792,0
58.755910132625786,20.076332221855115,87.41599169643376,1545.8982716562039,0
71.98057975863684,32.78695445701657,98.64060728594262,1226.8626659975857,1
49.57921669377148,20.24422842233364,86.917664202905,1474.9344486833743,0
88.89423719361238,33.16734005760103,118.60635325318032,1136.6838898511432,1
44.66719574840937,17.13003154673021,87.90095163456695,1522.276151345192,0
75.59674166130851,42.257866422693354,95.29714528972032,1184.9968758300192,1
74.45836456827006,33.68141880951313,118.17255462563611,1228.5629533180058,1
88.00657073133408,43.65788599016059,118.84635983703531,1258.424228990862,1
82.15497368509862,47.8503066122957,103.26657858764052,1250.0333475775296,1
86.22914299040247,44.85524533628081,98.18904238160499,1159.8285511299325,1
50.95050992777105,22.482022910794925,82.9159177143319,1436.3979745521142,0
68.59621644583612,45.75241929240356,119.62727716708855,1145.23518091561,1
67.84310060866987,48.20037757394536,103.77827701851012,1210.4545724990046,1
73.71026661858227,34.00880065012577,119.82839839581355,1297.2579375145542,1
83.7000284747982,31.013711180950793,115.19305841327214,1338.837997316868,1
42.69792751455058,19.167513879335903,71.97164053616652,1428.1354181244424,0
74.56541467501674,40.31569127460238,109.32063813214442,1117.045601377016,1
72.28421202169609,31.24459181129303,105.07357225239105,1289.198222283508,1
48.683631614096555,17.83819922920741,88.84248506651758,1414.7236228750253,0
59.13413630123413,16.3352611371766,72.33652208448194,1407.529099043838,0
50.265180204191715,16.123594577715124,84.66416607469965,1458.7169204510697,0
56.11784308990204,22.068340908946183,74.3147025869453,1444.3933941047724,0
43.03523392219014,16.979285771600605,79.76175480678565,1483.3786106779162,0
69.97283059505989,42.67599568614754,118.3723357098531,1335.1735490591145,1
69.87147777788616,30.71871179067105,117.5689940549644,1211.8864325605628,1
73.33597899787893,34.09330153492397,105.8427348538723,1237.8787557519277,1
51.12472993246975,20.32126071882302,89.12963697461606,1594.5900651348336,0
56.009277345745524,16.036535017069653,74.5690182899772,1436.8237352361245,0
85.6051484172844,39.05183714502543,117.43959285815693,1341.7620810911865,1
44.34431097812164,13.913677451169388,89.16501897144283,1451.4835957535379,0
71.10715071674696,36.39551171376658,113.5218723446858,1323.5374359914395,1
76.43645566083126,35.26739100267859,114.33114147870278,1270.7976142061937,1
53.34487821873358,20.105029415916714,80.62701565425753,1570.0184005312824,0
44.00201164312341,21.437569319389972,84.89786184054336,1517.184628055957,0
86.55538864582735,38.79993658109066,107.55746424061103,1146.2758861308944,1
74.41059817940796,31.81546809962954,114.45606222515656,1302.1930657838602,1
51.36115278957922,18.676741934353792,82.012075821907,1519.6268312951545,0
85.35161621288054,39.456809834564694,95.09075968991233,1119.3972131653534,1
76.62663432329998,42.823670468784485,101.01363110356743,1144.8860780190653,1
86.57187476077264,39.326331008811664,101.85971309217824,1294.5955918414647,1
69.36163749918519,31.382633818776622,114.32820699881837,1148.0334405810518,1
80.3360322995503,40.89735271388028,105.29412476434936,1172.6615107196722,1
85.00882403538581,49.03466884264415,114.22531140038689,1120.9405304082354,1
75.44930774142561,46.00663564754274,109.32814211101329,1301.218490242352,1
67.57385759213415,41.492400855498275,99.14655639608023,1279.2198082414202,1
58.90579486627358,16.339207050043147,85.34816656745488,1504.6506045697686,0
42.275069126531164,23.088029561529225,83.68592623418954,1434.662966596541,0
76.64864651231973,32.24949013195437,105.62003289186214,1224.8736436627291,1
52.93466280436583,19.647441399137943,73.39187456843766,1559.6820942198071,0
89.7059738010118,45.42582867786966,99.03288331910512,1170.4908138322724,1
77.95240497742213,44.71649826715428,95.6704250574381,1227.5391536858235,1
58.2203112574533,16.71294129446131,73.0283430516383,1574.7872145718966,0
83.25718942912334,43.830848066779964,102.40963131970477,1294.2938999264684,1
65.11043980730709,43.45095450205274,104.22872372148936,1227.2437136433587,1
52.87701511180255,11.341190311119277,86.49815621136949,1472.00347890147,0
85.69359341814432,40.380036305133615,101.71082000356303,1238.7712515646792,1
47.63143502201529,13.701195595106705,79.5650412198983,1504.7356547458976,0
45.70199657920846,24.93633964264842,85.99529442716147,1524.4833473929857,0
81.72260736658447,36.92669404300803,112.25186491297521,1253.402692570145,1
40.35015567943995,15.091438354286904,84.16399579468339,1477.6877582626346,0
85.32510885975566,40.20315901066942,108.93140403704584,1296.8572898713537,1
67.35242465755856,35.07179567264587,106.4018913544974,1302.0855881698135,1
87.20800959626536,36.86941633772639,107.89135002671254,1184.1348045916968,1
44.4599674919579,16.961145756551723,80.12527800535194,1516.384330476478,0
55.81260965809616,10.437445366949019,80.71650112978121,1590.0328761322223,0
50.47269212856105,19.191262732597544,89.67148355335553,1586.814653766334,0
74.84827129041224,40.10670650348152,104.05329940306599,1140.8067467898393,1
52.59079933554169,23.23636966638845,83.66749891719188,1568.515018868832,0
49.65035236344099,10.321868003566216,82.07265417345391,1522.1392865591972,0
80.21803149785164,47.45306150371854,102.87587007608181,1275.2555776916752,1
54.49869611032145,15.309394356086315,83.00077017376333,1478.2297816258085,0
79.8651657412554,36.728895365123364,109.33861653071585,1167.1240940023006,1
47.93136225554354,24.148926065226654,76.94525509241448,1529.3632293283388,0
50.93459167477283,16.36060748586224,72.79439351029637,1574.8601219111263,0
53.13038495253668,13.743066965938674,81.22788976884544,1406.5852908638938,0
70.62630131940497,32.65178141179209,113.43119430052951,1129.6235846584373,1
42.34287976831339,22.672998657350277,79.53074653186063,1501.3463377262879,0
45.395787840577555,19.51054355366064,78.10567494855665,1486.1545381820924,0
67.8610509700194,48.8084612937261,118.51796697893276,1331.2095106693766,1
57.74228557652416,16.93321348502979,85.3326696426392,1582.7359584023543,0
79.04899704987831,44.298549788984104,111.36074599162,1293.2945804454287,1
52.98673937317775,23.952641485624124,81.62540530697817,1475.197775926117,0
41.65837171865266,22.783141362401075,82.57707805803275,1540.8594082187321,0
48.689348382622406,19.044510084521495,78.71410002014673,1488.2159453085856,0
44.187018215586676,10.122436902150687,87.47887971038743,1446.606155510446,0
52.26465004060112,18.652856064691747,72.42349669143861,1516.8933550356696,0
87.07110712948254,45.404229303589446,104.0499706242737,1343.2476433336292,1
55.17168408702629,16.25097699162766,71.69517141599543,1403.0640584177577,0
44.79739834050635,11.27304553608787,85.53883217104475,1524.381308269105,0
79.98214803449454,42.77693211314421,99.8370115995081,1225.7631379756342,1
76.14620020724375,38.180927236864925,115.89150677735317,1247.9165069036667,1
69.82904180337344,45.92959431120668,106.09216855678183,1252.622299198289,1
41.270450510779035,17.338292232424852,81.00412777607156,1527.6550129816046,0
53.393897036613495,18.909541423375785,72.22789092978394,1579.7178576005845,0
47.05006281487453,10.334225363032791,77.9850801387078,1536.2340481494173,0
82.44051510549127,37.62278982883178,115.16288607823704,1184.1587342256203,1
85.38484951760533,45.27266815574987,106.75355073247647,1305.2544243705115,1
79.21540835910962,30.66004241492463,102.26908316178599,1308.2101989944204,1
45.944628055946204,16.402031049763394,85.6912299712236,1599.1050037109214,0
75.95443776031084,44.74144432707791,105.88995411774903,1328.519049295512,1
47.20497313549279,18.98251306732074,76.19598801205707,1415.2880537418694,0
72.61028638129382,37.468184324960944,119.9572979256913,1183.6601920791886,1
44.34106243481534,21.622887148047315,80.07732288602928,1445.1374580517643,0
65.85960658104449,49.3032861864705,114.61587084669682,1289.3954663638924,1
75.40611864464451,43.59429127379865,103.6515593264997,1130.5083997999095,1
59.82973812985992,14.77986893956568,74.63531546948397,1411.511976742438,0
83.23536810305237,49.94070979652229,117.03560534543453,1258.3142648284938,1
51.1861017183568,10.94131071539714,78.53728699539602,1443.523697918108,0
58.32311632719784,20.241979397975555,76.34194237893989,1548.0751854835999,0
55.497690886159944,20.528784047269177,75.65017224733604,1513.5579121864237,0
51.8106381323326,13.557721150033721,85.10841229083047,1471.6005834974421,0
57.0045392708536,12.728041327169407,77.28112809572688,1445.62711406754,0
43.26155137853447,15.88062939738305,72.65360884674986,1584.4172357634343,0
56.37274888245433,20.41583093151508,80.26939969388539,1597.97540052525,0
52.39109327545259,24.090038777193488,89.42440631699544,1550.5031952395807,0
50.90317670257632,11.931566517766324,88.08571310783567,1460.1608607489877,0
43.46427369567029,15.751104957519292,75.20419819594002,1503.8568940934051,0
68.60436418584167,31.55450544346977,106.37999016845811,1147.174894950693,1
47.77048204724268,13.29308523086529,76.46597484356471,1566.3369372818206,0
65.14207855930611,40.67763780707827,100.02860147702388,1162.5685290481774,1
83.92024348699675,32.25572123292182,95.67289991550606,1185.8659898340989,1
45.01602036131388,23.960346664781813,74.1582261544022,1448.5346188717294,0
86.10619033590972,44.092227969358284,111.92600011626386,1152.0776209675748,1
57.962421222519275,21.16912406110438,77.33378519022487,1598.8186708414303,0
45.19694973706363,21.29274250131244,71.62383382948961,1548.3393527842013,0
80.04014224343489,35.04215841083984,119.85671686937083,1192.8937913064015,1
74.25159890036996,38.830524521391276,105.29787137442563,1249.6840892810108,1
87.08591509143986,31.095341755338172,117.38446585256311,1273.6245935860845,1
45.0465300155179,10.962870100724555,70.5415825478955,1556.405677629746,0
46.46342115709246,11.427671846103078,86.94882899600313,1470.485621309737,0
54.29347235901301,22.853508602423666,70.57639361920023,1468.2719807127157,0
67.71515862233649,44.85928671238334,95.20552656551428,1332.0095448473012,1
70.84306191504815,36.57534918504345,116.43379495222746,1335.9863401255805,1
59.85610317106983,15.211811101594467,74.36364332750762,1411.526297229857,0
88.33984407623919,31.460025813631425,105.7224514109004,1201.276270806772,1
75.65003102982067,32.734630106517834,118.00539937414143,1137.4330611884143,1
53.38554308721558,15.955077146298365,84.29002746206851,1599.7553428726328,0
42.22533051958152,10.584218432553135,77.90578709950233,1538.4196409164688,0
40.599286083337404,17.3852529543244,82.71810520221678,1577.4180900154574,0
41.70845674780014,15.206015891998549,73.03375545974511,1550.7724091742627,0
54.545936884467395,21.6726810383325,87.70156211887021,1543.3343373751416,0
82.74153402532056,46.12418741635856,111.34363976213511,1143.3249817770989,1
77.563937853786,42.58050554781461,98.36380247994663,1104.0070164705505,1
43.45513168221354,23.596882585749174,76.49757791600912,1579.5407742663047,0
80.45730427746624,40.45042512731753,112.40496438495373,1319.506349158606,1
65.82269499072768,36.759984712370596,96.77154587543058,1152.846466509545,1
52.26720156912887,21.67348821570483,81.98994288261885,1501.8451407177226,0
67.15121311089509,41.864641569579895,114.9238461417698,1280.1572025038347,1
74.63022015848243,46.19920698546792,119.3941445261206,1248.023511109941,1
85.26465486428364,40.964346725213765,113.94959485581805,1285.821037840918,1
85.09652203361793,38.86535370758162,109.98133941253414,1277.9987976168354,1
49.46556181519493,17.62886255049588,80.40926898796145,1561.9055136411175,0
54.069879246394194,23.020112379660354,72.10262805939222,1417.5863596201375,0
51.97403794171786,15.229446352284043,79.56835969279231,1572.946659375942,0
71.58972109649383,40.6345243948572,116.33371014242263,1140.1375653006837,1
59.09428437369177,21.83997313644742,88.09601260228011,1598.926786607697,0
58.98774163022594,23.73497461526169,83.57226400722195,1469.8087470032126,0
88.3157578510708,35.50680477854247,114.8127151220646,1251.4374256275037,1
67.5815603029665,32.41281317518614,104.40905441280115,1118.1790596142778,1
71.99260268310375,33.42985631299581,108.67779529286588,1233.1131170453286,1
84.3755266278531,48.208665904298336,118.22365251003974,1189.289756994059,1
83.24496161095102,37.13855539098912,112.27276026326476,1113.3989231335136,1
43.90663093865588,20.62953704686897,72.90094693744295,1430.5383742587944,0
55.019270971193535,19.885381580795784,89.17768533974791,1438.8151486194572,0
59.63551136749462,18.92991141746672,77.89939677429399,1443.911644000006,0
51.93979333623828,21.64859220536577,87.25856554861377,1549.3677863285632,0
70.01756417212162,33.10617700498952,101.6219622879385,1297.3007853630952,1
58.05105664156862,15.259662069055299,70.77646499808006,1493.8722241473824,0
68.17300886889069,35.02611755681967,96.00842491419016,1170.5803582723565,1
79.8715487104138,44.23911551315216,104.6719985073907,1192.1077711191674,1
46.26174130545548,15.391065568965114,85.65748677982683,1500.8659130832482,0
74.36078634843929,47.80592330690324,106.6489531553566,1102.3584320542654,1
55.1456800707751,19.39207606758874,75.27830858709603,1549.9090676039089,0
43.087686948359874,21.527221572126717,84.20893320627042,1477.2167890616552,0
81.8389994640608,46.193457625152845,108.23779394167498,1277.3681609228497,1
52.970220370990496,17.672411107704058,78.489651987279,1519.1770631564927,0
84.4389642079546,33.6145160232135,97.89444079811021,1258.3358621501297,1
85.7327750065302,39.919475135393206,110.70800713660901,1128.3024259852223,1
49.92227594900502,13.396214020189056,85.10739035686015,1515.8797979533354,0
79.48695931714678,41.85200723106772,111.08653238414591,1237.839492191846,1
44.09478354425588,16.292023546065874,86.30034924641406,1581.0970155975297,0
71.03875602257772,35.639914778882556,114.45160289254466,1170.3844777360632,1
57.34721853790377,11.141885116374981,76.66882811912716,1533.18806159176,0
50.56085990474603,22.365411481299823,88.77491641962305,1478.1149698066677,0
47.392817765575515,12.670060974302537,87.35474275817438,1420.9464521934237,0
46.97348825342673,23.20681779289179,75.42120991176668,1457.676983204827,0
71.8674342036477,37.383532630895,115.37628418091333,1124.4386731548068,1
48.31961331602393,17.81832602782776,83.50844691419404,1413.3734914919062,0
75.17641073586651,30.244717542408587,111.65896020608304,1146.8796940117268,1
42.800829091922715,15.25409393767729,86.27903328682609,1483.4782542716132,0
58.31330162447013,21.90375834877524,77.93331637947512,1534.5768256808199,0
88.10649967067819,40.42068432743429,107.94294450797204,1191.6179166612787,1
44.321017627645716,24.637452872947932,77.43567148117309,1417.450316307438,0
82.8983810822426,44.70714379605548,108.09274783068699,1110.9049921806545,1
77.40028224608749,49.761855282221944,101.79219927740124,1150.6059260629966,1
72.50038859243708,40.483973336351205,112.58140150983425,1257.7616276137974,1
48.21773989039035,16.47050389208554,74.41379081327258,1468.6279900268396,0
41.79086516385099,13.806092488801102,81.1005192045704,1411.9660031388726,0
88.83392016525399,33.15714033307233,106.7355763585748,1338.6638910796764,1
52.589203812449696,21.433213086447935,75.65550366730477,1415.487753415087,0
41.22035044766144,11.746339666033224,70.85275229336328,1568.8850985379388,0
57.16635233802666,19.435960653887538,79.45061628830435,1507.6759460021792,0
54.91376564380563,21.189555186095696,86.9650890223021,1521.5165315638878,0
83.09639681672213,47.215621543044676,105.43779557188624,1174.9704719122658,1
65.88430641531211,47.389649585661616,99.08243471308975,1339.8511686072334,1
48.695939898656434,24.466728025296185,75.46782277011361,1452.802579227227,0
89.37980949165443,43.64059955790493,111.05599518498603,1155.069211110292,1
59.00761145724941,11.362104361522674,72.54943534337764,1522.1452964561615,0
76.90583529754463,34.375866147379035,105.96873312057237,1264.8481778721343,1
51.184549591167034,18.801781768381648,76.05287330125225,1423.968120712126,0
55.38244188420175,15.239157164040709,74.31801011478814,1564.586946808671,0
65.33493609536062,36.11641222464384,117.90995405851126,1101.7401974691863,1
75.82182558286021,38.76452925652519,95.87224143018243,1235.0388066200235,1
77.84054830164241,40.442467251403656,102.14674330722616,1345.8695950474194,1
45.801633135363225,19.692946900528078,84.57314613716642,1461.9977813873556,0
87.88865613662274,33.66598662932897,109.6442562346341,1295.015916006596,1
40.935796239989706,11.695993589935314,80.74897684353394,1533.1799368325537,0
87.45504604462931,46.01379241671509,106.83174666847836,1286.37721135636,1
87.750375956249,39.57004300637176,97.91521512338946,1146.3313417598456,1
67.25300291343723,45.16682560267359,116.56286564476704,1235.8900079099178,1
81.67267338330961,40.155516909081776,99.97565368661849,1321.4785893560797,1
44.272744827165404,21.620548817623913,79.57138540888891,1514.6915737476334,0
86.53304627517306,44.345774864780125,104.39778584646803,1123.1038707735052,1
85.6550226422842,39.74181538962075,112.49945437124805,1101.4872971451884,1
72.55221444490705,41.350957068266005,102.05418784569117,1236.3035159600122,1
88.04532960472282,30.26967504311376,96.35913777754853,1240.8773288720686,1
66.24370002356977,38.32155555613085,107.57544467879968,1217.541849742189,1
85.63459559739266,44.40873166070867,96.2820064910303,1213.7321684199328,1
72.0490866183834,44.97234454205688,114.86112199683635,1158.5438922636422,1
70.53880043346014,38.34655711818275,99.43713209066983,1266.1633828432255,1
48.63612955213816,11.012629480171752,87.07437550060672,1514.4310399992708,0
59.76683110579741,21.780587791903393,70.71148921389928,1466.1607178451975,0
88.867756333574,38.86385555874976,96.34059624813273,1338.3272479833322,1
49.19676059402193,21.36687611393816,85.19487639357628,1564.2902212741096,0
46.58886763648212,13.245090396821617,75.31862747043064,1492.258995452029,0
49.5927465601856,15.496007078561231,86.00554801913496,1543.8959007841659,0
40.80091530071419,22.23046931113586,71.34017921160185,1556.996382555619,0
79.96982893110436,41.233693302585436,111.0927278009228,1196.0318193868789,1
88.04261499237353,43.15165735006446,102.38580401382774,1104.8530956342845,1
43.2833567815408,12.558918611413247,80.80832754006423,1434.8685481141706,0
58.28828173908957,11.330087710419802,73.92670356070899,1587.7699175345406,0
44.67680487431009,13.95934374716948,84.09437303487479,1449.965801719873,0
47.88079713207728,13.57291885127636,74.62733294155497,1479.586157310038,0
78.74370608355544,47.79971518024833,99.34702700377012,1326.7535751112134,1
89.07725417988958,42.16451635904865,96.24134735791422,1226.9509325899576,1
58.95597025829306,17.264086814852718,86.26989966723494,1583.6794624409006,0
40.62412667028987,14.967200973678814,76.83405950556383,1533.4791468954204,0
49.816875584316364,17.23040921263933,73.16623780138444,1428.1110515643552,0
46.008921323677285,10.507317718212704,83.77618534783802,1420.9092915742376,0
88.89311403421357,48.475609726564684,105.80296988010734,1328.735406228899,1
75.73457620585275,35.23544372804674,116.10884075156693,1315.470654166525,1
51.21973973074378,18.222064936234403,88.64449906678804,1428.1425280540502,0
84.42551823903547,30.096024457128134,106.85291456646435,1324.8582841715922,1
67.50588645040142,38.72940490939559,98.47879425732255,1167.320886116004,1
87.19303514786331,48.21479665148019,118.0669409286987,1147.3290176726614,1
84.3921353221232,31.332099190666703,101.11428385085325,1217.143330978453,1
43.35797471518278,12.305598695143672,75.28074205062167,1427.4586658552375,0
43.518775767514406,12.162249094450264,76.16027547731069,1485.460528737238,0
43.94072840784567,10.949744538344525,76.24448617490769,1449.758032407504,0
55.471075469998695,10.10047804719673,85.84164010526517,1457.0815621439358,0
85.82013468277994,33.07948023233433,95.80736368646772,1222.5806810896088,1
69.63861178514611,35.36809379137268,107.38733380595512,1112.1993636749003,1
49.1440631331404,10.963411027641907,82.59600120821796,1552.9554858483386,0
73.36110604866755,32.372567512573454,119.5358637054609,1305.6735546148263,1
86.65365469372419,43.33760827626915,99.34865239027316,1213.9736693603925,1
87.27803458237076,49.46069043192687,101.98984794942805,1284.3132922264476,1
58.208355611892365,11.59470172008589,89.13899580951121,1582.2090706838426,0
74.62578432779033,33.657162537594786,108.17041937227847,1192.6704656014133,1
50.436046478867574,12.292605709680858,80.6812854063339,1409.3260482526862,0
52.75630541018777,17.45347051949245,74.56749733308503,1469.7625980104597,0
72.73641238961308,36.173394100703014,115.06634219354339,1243.802372096761,1
40.85315157425415,19.215225120824638,78.60153840354302,1410.5483544463066,0
55.70437321939873,15.661252940754201,81.79902271726901,1459.2409220434517,0
66.40612305180814,45.316335515242876,95.61331662436908,1122.536077073826,1
40.16407077341936,15.045049810060595,82.71403376860644,1419.89986025987,0
57.777146852822334,20.706993372486167,70.48547329951221,1523.0216566393947,0
65.49085531023529,32.919579822716344,112.81989528022929,1131.837488076759,1
52.16754399417378,11.049322747139252,73.73579119634617,1412.7586271952755,0
79.15219572547154,33.157269422908705,117.93121538695577,1198.777259601478,1
40.5491939740207,13.012496510150516,83.09263313807519,1518.1221599131927,0
53.86300684916411,13.312391438691169,87.31695817257356,1538.9847868553518,0
56.83452055867785,18.060338572018907,88.45233496534496,1550.7107257405726,0
45.238462678402925,19.632349449323804,79.29356523699123,1406.9595428820805,0
88.02617223942877,34.5156429089125,99.00358094538724,1233.7781457087417,1
52.03665902813284,10.997931400551506,71.75873448474837,1551.1469076054145,0
48.791478826244116,15.388165058911405,82.71810919882807,1536.399790734408,0
74.99617523316948,39.295302234308906,112.80406903870906,1346.4087686489404,1
47.25080226434064,17.126067601749504,87.349179347893,1420.421240168709,0
77.71409755462633,31.14170340359388,104.02893839609068,1203.5682573630272,1
86.58759215105285,37.71287617241849,105.7857057002773,1150.4640427459503,1
50.42281785606178,23.83782926943661,86.60079662840441,1574.2289465143908,0
55.56578629182179,13.935871809410562,86.61452162615566,1512.3238332576225,0
53.67307628726424,13.925349437856529,81.06075089670598,1537.9115385594366,0
49.3530786961264,17.499954379033262,83.15790335646193,1439.1539218354278,0
88.91427493577608,45.52822704103308,115.62238146282124,1210.8466595795192,1
71.0691014032391,48.573372346588414,119.4450642525252,1339.6682680442023,1
47.779993899369856,24.22288804490352,84.92170539819705,1547.6356530411588,0
87.81267189295463,38.53402018787007,95.51885836226585,1330.3451549771082,1
72.66270619506979,44.530607477090975,95.99474718243502,1238.3249443078635,1
89.02815870589461,46.39834648716142,113.83270531681521,1170.768950816304,1
78.85149027655592,42.09511977421627,107.65094867619962,1119.567658113802,1
51.9639659618805,23.17601987046509,77.06240955043748,1562.0060503604852,0
44.07243886715546,24.86083981215849,75.53029649386647,1595.978602005181,0
46.44480117961983,20.453904300764727,81.23576732842288,1549.0123164418615,0
81.79426365705115,39.492420975174156,119.57784579158223,1156.927688850532,1
85.81523693434599,36.509483793446265,115.28316652983713,1192.5529902987782,1
43.141433762323004,20.291392996195377,73.65619738594101,1446.1280524923236,0
48.891340482436526,22.62540258218971,82.92649720355385,1439.30150803465,0
66.0240465371733,48.53074336141137,113.06333454997956,1274.280121213753,1
75.30996890293612,42.03779861447961,117.28382918719404,1188.863643849494,1
59.43293726226297,18.46291355669308,74.89191266012746,1520.0192104513667,0
68.77438676624787,34.05675718356973,114.7681834144266,1134.908961786761,1
77.7601112181952,48.911819833477594,116.33903285507148,1306.8034495497116,1
80.72015622762623,30.012794782062834,108.50512305698348,1110.8232401587966,1
82.27049180386904,40.68250867478135,100.29925756498098,1279.3983716403654,1
88.10206559300866,36.342322030249825,109.04460471317007,1190.9069985321498,1
44.61050654467975,19.076083060804958,78.170887403053,1522.725777691337,0
65.89007838990256,35.716789863290515,98.57216104078158,1130.9435799844673,1
75.56230936144625,32.96454438929347,119.3765686730124,1164.113259522541,1
79.72660678339392,46.13330928015634,116.32108226931373,1262.9624152019578,1
43.41354658297107,10.690891379212816,73.86567384708133,1515.091735220455,0
88.24765391592406,41.56856645697857,111.04152036587219,1136.9842693378575,1
89.69420198019131,32.70926532217317,95.99692403953944,1113.2728235865145,1
51.28000641232121,10.900774760198358,88.16949575053984,1482.0830727206067,0
49.37350790145837,21.83181779771374,78.92309915172501,1579.4673265960184,0
66.68275446390298,42.57614463090461,102.5239747422886,1120.4136500182476,1
66.24647037590059,46.15804103653327,104.21265282329345,1287.3679597776031,1
46.433019061666315,19.32146408938504,78.00731421413734,1478.3011523647867,0
52.38434221254751,23.717751086008633,78.70101162749597,1507.98514990941,0
89.85418094604441,48.87337271009093,116.16488339567732,1346.5295185609305,1
43.61667657566276,12.52338976456471,70.63507739682397,1525.2815528856027,0
47.68753801196938,15.610808718483561,70.94512642306407,1444.1734786147713,0
70.61684486410216,36.86223958532378,113.09020961408754,1196.2787761263612,1
47.62426998071183,11.40940415583141,73.20425722944773,1502.2138535366441,0
85.37226291701683,34.344774695811466,112.25308419184731,1329.9073141766326,1
78.54308134990013,32.9168255429586,113.86499299949575,1188.1101670860007,1
73.14301629931605,30.6697383982539,96.78265776855532,1177.249945040993,1
69.78537400746208,47.171210004667,118.53201561703335,1136.2669218373874,1
68.13173800265388,31.7365554322949,107.84816928995849,1127.0143812072772,1
47.16617030563935,20.59025882970413,82.56608543922088,1532.5411926029649,0
54.61429383379236,11.110755558321475,76.70618866531217,1594.606626137287,0
47.16749444927616,10.928029858267282,83.58185300771392,1425.6944135272824,0
72.58723198586613,38.15001806340162,96.59128355082207,1167.1038923881401,1
53.03174647626264,23.626043362868096,86.97920731295952,1514.6407901270206,0
70.24201351799603,47.15965651797549,117.65988323196748,1228.3932775876992,1
69.92368970265484,32.618425358763446,115.66786352728089,1253.2961191291085,1
74.03823270222506,33.95837295938235,117.42475606505965,1148.132880170926,1
76.03622039745328,43.956442154622586,115.49681822945327,1300.7943574140418,1
77.82395859887404,43.176136520606114,109.06386783474669,1274.7079133702969,1
80.85495696897223,40.31641173085432,96.79381474762005,1224.2354939053014,1
42.34613069128235,15.963756734771358,88.38489473356962,1545.1710117378748,0
56.103974569574845,15.730230312190297,85.17194608567445,1535.2970438761502,0
88.2747725321309,46.494662893484126,116.77368302393471,1321.203018514164,1
77.31090060105802,32.132652107450085,109.48433396139436,1321.3484119495288,1
82.74166983490801,39.350948431849545,119.73062892685644,1221.161372920132,1
80.75874263941647,41.04444081135089,119.23053834470291,1329.1983271548884,1
42.59624112052463,10.82876894790837,86.1239879562829,1477.1082033394487,0
65.12980390601957,48.98132116398512,97.6002483070273,1124.7510556771304,1
83.9631707396847,38.40052236676158,114.96734523592679,1225.7461811041444,1
77.8239912978099,41.44009224878393,100.3935406787681,1114.8387660638546,1
68.4486304545991,31.524571252184025,100.04241639504556,1108.972445605413,1
81.5893401882527,30.458917813467018,114.6608749745671,1289.8966227994135,1
65.66341259510267,43.23030982563375,115.0768625308674,1258.0894439518568,1
43.560424376490175,23.395865194567985,79.25805001159966,1531.2163392772613,0
67.51783563138024,48.25872676166486,96.42420832513878,1132.1141989978885,1
76.5468144910797,31.787283542609973,96.008039873739,1121.9751702331712,1
54.09615383018621,21.875233553438033,85.060258080315,1497.5326006333805,0
56.67615134943185,12.568529512133212,88.29953635803187,1483.1974240466454,0
43.29431535131027,22.427998561163292,88.00068077966496,1562.2141241833874,0
78.15815390082511,32.59946768141207,114.29409786581168,1169.8578367721793,1
41.325358272149145,13.073433664735862,83.97830281187642,1582.6620921378005,0
84.35710273289557,35.09350256017284,112.845059467196,1215.8920302456938,1
80.6519280485572,46.493416425795594,117.97201543971919,1136.559418959474,1
84.46666979591734,31.797983784885997,111.99625310947727,1234.6197768197098,1
71.2851212715779,42.611770121090004,118.74225056772264,1165.2938440239147,1
68.52907237971309,44.97907450840196,95.95689916067133,1117.2803337511957,1
44.69668143864296,20.38920441441202,72.34975240673776,1563.6579132629938,0
43.81461811780956,12.467985889058927,82.92234474817957,1480.1472186786468,0
68.63033054741928,48.342430144239884,99.58790794526006,1299.534187112626,1
79.83604861960563,47.897504382064604,98.01358325627906,1329.0121043635154,1
70.14520326387189,45.909581057835936,105.54700258663979,1155.241753350139,1
55.41969179666627,10.48846864518592,74.89495800363548,1548.3903123730975,0
65.39518052499506,33.016232336637735,114.06735114774118,1229.9033591645587,1
43.981902155104436,20.86048431545381,77.13705784617974,1452.3500380021708,0
58.83379352612082,16.90932337807122,81.2746850369625,1439.6667578898048,0
84.14628974649865,31.05666124565044,100.82331014741273,1347.4008008193955,1
58.087218632795135,16.48283176970344,88.08299748122026,1579.3513389475556,0
68.00040514725089,30.10785992469674,98.55955169940144,1127.5189346382624,1
84.38580894034588,34.28994142915569,105.52850921215679,1346.4198779016656,1
56.436763416992235,15.727493572129307,83.09712025592154,1411.7094801857124,0
76.35174834340269,45.01732875263806,118.99922927918234,1209.0687194685422,1
81.18276811793116,40.93314794190643,100.24603230726453,1263.8628693623652,1
79.18702596338446,47.96186229758705,104.00870611835659,1308.362455975971,1
49.77725381133433,17.758505585244997,80.10987974895747,1453.4864562505852,0
67.87550195082558,43.160566642989615,117.5994398521873,1270.1666834789037,1
79.72565488868278,46.86717171797779,105.24759656428934,1313.3078730616492,1
48.70172567717632,11.616323307166418,78.5336512392122,1539.854561227227,0
40.88065370804916,23.98754083843917,89.79445555793282,1475.5421582867762,0
55.7856766925491,21.696552830170123,77.4590553102027,1510.7764650534552,0
45.462916822758395,24.77702074733876,83.56458616359112,1459.8579508183725,0
58.96756924847034,22.748237483685138,72.6013072857074,1514.6211718953557,0
75.3929858361527,33.03976322989269,112.65554266195257,1292.3024836996128,1
44.11619094728005,21.9680778726922,86.22785372624865,1494.884007936338,0
76.03042909109837,46.29711405433646,119.14342277481116,1263.16099669881,1
73.82156442391094,37.26854915995622,95.42613161961842,1306.3191730387687,1
47.37467225040822,15.431831314291244,78.45279059196847,1505.1856522466342,0
89.07962014210781,43.042704666268385,106.93197056443621,1282.0617481423853,1
58.76277288120396,15.805436191072666,87.45136333396331,1498.374879680585,0
75.03633752987791,44.716986284171035,114.11504539988802,1174.3318495548099,1
84.00528230179174,35.514333861527184,102.74877806177506,1195.7613117485205,1
73.96629088792656,49.86281731522043,111.39409719387572,1343.183014775655,1
72.34052134211109,46.63645700907806,106.45961733168832,1297.0014825808075,1
80.91200745556642,45.51580513372708,113.38583761996503,1168.6796522989794,1
46.277733230697706,20.593487151007544,89.08087032328723,1472.4775575311369,0
59.20034448323059,15.22935669240646,74.19579758982657,1503.2994761476918,0
80.78777784734763,41.347521183030125,117.62248436833275,1316.924280306688,1
86.58322776655922,49.59835817298472,117.81507737987496,1247.1103737797462,1
86.97377955519781,35.52020361021838,101.97602386165873,1106.8452627345216,1
46.15795142443148,20.98294977968183,83.01304609132575,1527.6484813576733,0
51.482109465408925,20.101793087808744,71.68341976018037,1427.5278765639887,0
74.1536313865248,34.19524488640937,110.10127615333809,1331.7181729791828,1
79.16182678335491,39.3689039167443,104.50906475395566,1102.6552208903906,1
77.34783279692208,39.09538421332135,98.67993234861419,1246.7228085704915,1
58.32743793020694,21.040106213031063,72.82006381417673,1434.931930679445,0
41.336182066088234,20.88040630479473,85.65478201223021,1517.7147983323305,0
49.680470731603165,17.038923774932503,84.72940071708503,1543.3892180253051,0
40.13510234230729,20.85230756497134,81.05072857499886,1513.6101823614244,0
85.73062635994701,43.51550860977526,108.35870698018945,1244.3991937051303,1
78.82200507248587,33.54756913433945,101.9812224180977,1181.0366090206105,1
52.096459423357445,12.350497254714586,84.48576843167712,1425.474051522573,0
87.26879435770567,31.850678370802214,96.30712473032105,1200.809873276546,1
48.214319367278094,21.5578329127436,72.36549615188886,1499.4314915430812,0
58.262237372727924,20.41799677963514,70.74130005961526,1523.6521260937739,0
46.84127075931968,23.71008696766512,80.66276374458478,1553.4146128599825,0
51.35171368929703,15.809948298159032,80.11242870992861,1567.5612124511229,0
85.97000128023089,41.4761128414333,110.03321552345733,1119.2537406788565,1
53.41071944896473,19.370822959708946,82.83259314742678,1453.0490730752194,0
69.85125410052923,46.49100225248915,95.94287851988899,1125.7173606688023,1
40.94633095248202,17.39750792099526,74.70103804106908,1508.2240457704768,0
68.08066086370197,38.93233993502896,98.6448120320384,1345.47007188801,1
55.35312479856583,18.77748688225011,73.87799900426262,1514.053474167027,0
87.74058156244828,39.99344221468578,99.88618827275981,1290.679473766309,1
46.40130868021407,15.242356563843149,84.85722833910485,1595.9547111317843,0
59.35282375386282,20.03331863724817,84.4063350480383,1553.0755663371315,0
51.88886688590501,19.90660923531332,70.72438646253335,1480.735865258825,0
77.56245752402283,30.454311024706065,104.9459996387065,1275.8769283230506,1
58.67576060322435,20.474911975932546,76.66086033829191,1546.2186216421424,0
70.07847833054723,34.03158744397571,110.17767888653931,1230.5721886765464,1
72.75762685762625,47.883677475864964,102.8133664049424,1138.9921814468055,1
77.09923946750385,39.80572542574784,98.07630503187336,1321.0938594168824,1
49.16436170718892,19.428980495823744,83.57737723511283,1481.335984707358,0
87.18705516272651,39.29565629069941,112.9840938183554,1210.0499075149921,1
86.86205425480549,47.992566966541375,95.5620332057219,1131.0309140494028,1
87.03158862761907,43.01264266644084,110.34592172923277,1154.5120009173925,1
80.66043154816323,31.520680699893312,107.1664708088064,1215.2977280333694,1
40.57534634124725,22.470794381069787,85.58850150941483,1419.8326527892243,0
41.96814472830761,19.690362826243778,79.2260986552607,1482.249239075265,0
82.17925571505943,45.94030736973935,107.56323853805378,1113.3949894149184,1
55.17744308973209,13.57283797748802,89.78816588187044,1560.7996498135967,0
67.46665160302469,30.2579236367452,97.1201186016236,1133.2636988145323,1
50.992116830114654,14.462869248245322,71.1359147239524,1471.7543895474382,0
54.337305157106414,15.42351450787296,77.96314699972726,1409.7819550330798,0
54.94660877453345,18.40070005858147,80.77482419222092,1556.520496895951,0
71.78225472445209,33.32200282773984,111.2189015654111,1267.0229085073295,1
79.50661789619117,35.12712371948845,116.94467949276917,1291.4074605329542,1
56.46968282893256,24.524749260247262,71.48378469059122,1480.50534754387,0
58.06677272375885,21.114933601957063,74.50259215355608,1555.8692389860921,0
56.37965804925864,21.88303036496649,76.95122368665983,1560.584906746311,0
66.1011858993178,37.39325609627733,104.42175468295558,1254.8302036739144,1
87.04961053017955,31.144790201699436,116.55447297772812,1117.6914564422837,1
82.26412335894003,33.63057046921047,110.97345991800972,1131.2159813457858,1
52.68147551152877,14.381586381013486,81.68411988841225,1587.4338599338648,0
56.86445794523823,15.460307971410439,77.88249902899922,1510.0742398967611,0
46.5996347016128,14.97447088773444,78.02115758951226,1543.4306007442497,0
74.32861559148262,40.35599556701905,109.39569690156554,1332.900652069297,1
42.707971340738624,11.299399599028623,87.51871673906169,1489.7582090211592,0
88.24442640364076,48.560295605466166,97.19050752139206,1313.7376734363584,1
71.01238604426736,48.17424467917856,119.55909924576015,1202.1601973584825,1
86.30132692482101,45.59336104748212,95.41537395273426,1233.3088437640383,1
79.60739153904005,47.74725017719835,102.87292406728326,1134.4424885546348,1
45.97871543469349,24.22542106922768,71.99988738986929,1439.855578890827,0
41.18922790098035,22.181405853590924,87.2506832101486,1592.1592423983475,0
75.24547728436258,43.249269450399325,104.35778312795948,1344.7019826775854,1
50.190885256546764,12.49591064359576,74.67605594926579,1572.4932486525884,0
47.809054329826864,12.500524985888156,76.59594565022171,1568.7021002379388,0
78.98603664083502,33.89195853417607,103.62732147811099,1342.0453552275367,1
51.538618845761,20.519192411527847,89.6514998724407,1434.9072853069672,0
76.06250411260571,35.39923019424226,104.35852762295436,1165.702982958165,1
73.04771378332346,37.92009057598398,108.494718055954,1195.730090037353,1
50.85858515776671,18.607713219367643,84.41898763472938,1472.8804957595669,0
68.0103364059189,37.08160192317007,100.21412817371416,1145.0129574126433,1
65.04423490650561,34.68415989687686,97.33118989915315,1293.240954537909,1
59.38851998493528,20.70821110385786,79.06123980418478,1473.152854366651,0
81.8130282536089,47.34172847549233,98.00352238681046,1302.0664815272494,1
85.17088430931348,38.09551118295873,96.68035537942512,1252.5415982695563,1
46.8323673084255,11.246103438533524,85.25127069300048,1572.101224280459,0
83.89246865433951,40.07235119501071,118.22097829785787,1204.9535569677528,1
48.72857606914252,20.049085959462282,81.2280390282602,1465.7074264694513,0
73.0210124902065,35.90253080810377,113.88728670385373,1216.8461843812752,1
51.1814747700112,18.497816870882986,80.62533902710858,1479.115984946855,0
53.78048264191841,23.871832756908567,89.76951405964414,1507.9165194443697,0
44.13279627224325,23.17244085923165,83.54703778448525,1425.654202911748,0
75.20427707642013,32.00518418507111,107.19936609312516,1212.7294705923603,1
87.58299706156112,46.19447088393251,116.9918790618851,1156.0454358823886,1
50.685404344850774,14.570443365863206,71.5646731441869,1588.1192665593267,0
40.09105056551181,20.82355063619588,73.06496307099624,1451.4794255335012,0
50.474443380522835,20.13413762576946,83.82464591581264,1490.6694443803285,0
80.52085401464548,34.30322094787945,112.09906023914888,1140.776810011442,1
57.192528363437404,17.98288738639402,79.51621717593271,1440.5070488765232,0
84.16833242601176,39.43837761932656,108.85634056424294,1170.2205043644192,1
82.83124511717045,41.81635795593675,101.76112448423143,1199.7721191111907,1
65.67227377351523,44.63037611121784,115.36664927073409,1268.714751236299,1
42.08959911814628,15.76593610435826,85.13728212741171,1404.4751022726973,0
50.570282035201515,23.197375431154676,70.23213759940613,1541.1215403867798,0
72.8795964644832,45.48399361884767,118.66069839533816,1330.4094868725929,1
83.69580960268229,49.08569873224847,109.09354114081215,1223.1386204586136,1
89.34386832728342,37.48455764359424,102.35748708895377,1138.0103098175982,1
69.73453139262507,40.60562924794678,95.52536441005348,1275.3677541326579,1
52.44247868710639,24.631065955219334,86.16000261716475,1435.2564670964844,0
87.92769408760641,36.83135464579424,111.04106533416174,1339.8662371541748,1
49.15384847694968,13.390888894633754,76.85971042340215,1427.4989753483042,0
50.068429489765734,10.920523839942268,89.00842385877678,1556.3179848059729,0
52.59480040187165,17.86491133564942,79.50050412032739,1531.5805548778221,0
78.48170580380706,32.35655402862113,111.70471454087928,1157.7640885621968,1
84.40401230442069,31.57483332919562,104.1288149349807,1261.7870524812897,1
48.17606176982906,20.667414973646437,82.27548332123297,1588.3561262047158,0
43.41282719251487,13.75707125921055,79.26303737366926,1437.1499159096381,0
57.5585386845813,18.71967983368504,70.07972093568748,1417.6158617567264,0
86.58316843641146,49.389530911318715,101.5899429616734,1199.23876217894,1
54.14413515763872,21.9640782115682,77.17015347656567,1588.9398655802659,0
71.60558814397112,48.94084757884666,95.04950416694578,1284.6818127106799,1
65.55923096439483,32.542849507210946,112.95052836585049,1206.1452763638458,1
40.17282866727487,13.616995817682742,74.5920849528072,1458.1983526209356,0
79.34995712485254,36.11481794436343,99.58599858193172,1161.8013391552695,1
52.6541319810717,24.68565523238891,86.92743458071125,1443.39971689687,0
59.91847967287585,14.232817970388297,84.60453360952867,1461.1737322247566,0
85.17036922338066,38.12191252313772,117.61578098935233,1232.4410265577258,1
83.22317070453053,39.32051211474053,119.32401357448285,1103.6105672214715,1
68.49984893073001,38.82579255214127,102.87620239940809,1110.0509198464567,1
55.154744096349205,15.118289730519507,82.25327063523976,1520.4398803533434,0
44.41054651167548,24.434877812607503,86.34674798537172,1415.0778954216157,0
89.04683942052472,40.95665647179795,113.06633060643054,1306.5801464176702,1
57.4632697377407,14.890724312406972,81.13098196441965,1433.698772764276,0
47.04316273384926,13.833285000739599,70.78747019130967,1431.5089773280513,0
82.4020918255188,48.2423049869992,118.91298992689678,1104.4077865448207,1
55.99131823079372,10.963461817548772,74.80345421440215,1436.8230150969382,0
46.219286017545954,13.962426787761677,86.13489176439644,1578.1269093434294,0
48.7933046186871,15.996708973850925,82.390814658084,1485.647742243059,0
40.42904391966064,22.6681263184891,79.08082693991706,1435.8932864591866,0
68.9866045695617,39.128080277257375,107.59265044307199,1259.9117758252878,1
44.45101823292308,20.692509615771442,83.6107885416556,1548.5087621316507,0
82.03988655528232,43.47677359066667,113.27342670397945,1274.3730319958315,1
69.15413013431764,48.38525523820037,114.2033970432526,1105.3898863778013,1
50.61935004870173,13.07935922286324,86.31010168632169,1565.6495726685043,0
52.025653477507554,23.586453525209144,83.29295622034829,1564.9429341915618,0
83.14949057815423,32.23316832332398,109.04622014921588,1113.5255548684124,1
40.62201880256612,24.038419457240764,76.09460864889445,1455.442239871665,0
78.48116479321547,41.66847688761338,113.70677525192049,1255.424679324616,1
78.41608110291429,44.14830929820084,114.52970089954012,1194.6920530936327,1
77.37538439957822,38.03840678969738,100.90658501507347,1313.5222995679278,1
68.36436257232302,30.710233784071644,112.38117893856092,1210.5304407889485,1
55.33636183157263,10.582648694659989,89.18947491517439,1425.8096632859897,0
89.54370156013451,35.51769933537447,108.68402264118444,1334.4914831450967,1
58.87233987317035,13.432062801061383,79.47984736773427,1488.0840008419102,0
52.02838493773038,21.000873526763066,77.70024899970839,1405.9895570230146,0
85.51443471813488,41.947171228221606,101.60464583161378,1342.7441782596647,1
45.37338495610126,16.734107131033717,87.53413713571237,1511.0776311448326,0
59.54543707334072,15.874391456700815,72.23301077233131,1583.3425569768235,0
69.73441155900024,46.19258613230447,105.10758782652042,1152.890854240128,1
53.156997577789525,24.266321597846407,71.21901751108126,1581.5300349288511,0
72.45338484073379,33.64530292786668,95.79633209055571,1292.46054580873,1
74.82484290494111,32.948631993069995,115.11611525610255,1164.1242449772435,1
54.86941844685619,22.697534133938838,87.21244860373804,1572.3797801161777,0
79.06250176315078,41.75706475546554,102.01573473427776,1255.4606291048199,1
43.33369010224546,15.000730357161054,74.93283157563953,1463.817741899552,0
89.12351921482514,48.98458818414284,103.19453474007959,1252.0583881320765,1
82.97142606889241,45.00904071684938,115.99662513021724,1110.5105496719682,1
43.965921747453095,23.95640685223291,81.6109679017919,1518.7678781678276,0
86.0056027921764,32.67565837073762,95.63508326540128,1275.6657164942085,1
49.19555754018571,14.1175976347679,83.23715322881483,1437.1240549470751,0
88.60580285962831,37.45838875734104,107.2743293046204,1152.8987537034716,1
51.15746224052035,16.975002348517926,73.7244936287325,1572.0837103535234,0
80.46121516920641,42.6260210479866,101.4709994292103,1271.1341559517978,1
46.4740759135067,17.002499888458864,75.66959307545937,1461.377145976108,0
53.84981243847919,13.113967039980654,78.4300854941285,1597.7233518296705,0
80.45567658180627,41.3824910964276,104.75159354464756,1298.9087191475783,1
69.00831014700213,38.42956996808169,95.77078948413383,1297.6334707206893,1
70.82149292343074,39.196084423232975,105.0201209327633,1104.0939098587614,1
75.51324499995313,33.998707646795616,105.33056892270372,1130.4151092357126,1
82.79691884405138,37.25756383311403,107.55511486693942,1269.683230285233,1
58.55689083823327,10.512549330431309,80.48170541622375,1497.6799522952404,0
68.20888664091966,43.62444212627263,99.9499869378928,1341.933755028769,1
48.52620963063953,14.667653617783913,86.9350443485104,1598.3084536615715,0
42.84353210210976,11.026107173833545,87.66447317280307,1501.0878351718493,0
49.3340285628083,20.675019713634107,76.75700571614682,1404.1385952621129,0
75.14324403327959,44.56984788689802,115.8320405071832,1278.3190672764997,1
81.20259257255742,40.31082986874287,107.78555323718541,1173.5776478383782,1
46.28705510544029,19.99976024595074,83.33426196665224,1472.2939862079204,0
80.26257799647163,41.43416030005754,95.47593103228105,1254.9746363621398,1
54.08963395404567,11.859951271066521,73.04768518723618,1565.4486818334553,0
58.07205380294014,10.2767185392508,84.4736835820642,1465.074482332316,0
46.298750117387335,19.28612702005843,72.1501038924949,1443.994962583058,0
56.34804228060053,13.873703655546986,82.70008455543223,1437.754697542392,0
45.988360792526485,24.224273923475565,73.22809696513441,1410.8667453406765,0
76.5843145986934,49.57002917508275,115.96212419286545,1165.099241985566,1
51.03491530890425,14.01160347219989,84.30796580854663,1420.8238215889285,0
67.6615533084687,48.80827004713292,115.54346189986502,1249.9759953690027,1
77.90882768345719,41.25040983621844,107.09335888619067,1192.1020197540752,1
42.20274718214632,24.218377131114064,83.00285249687089,1507.0476811688366,0
79.58466553921893,47.845746886931,104.2549138822324,1195.619888629564,1
82.19014521004142,36.78232332814644,119.86356587165552,1100.175801913731,1
57.193275401670135,17.820855491968267,84.67250326647775,1444.727460964641,0
65.84812669222867,46.824198791798295,108.51339239969724,1248.2582883342338,1
83.99959321340859,32.94337172975204,108.2281899741592,1106.8877323449553,1
54.13149182154829,23.41332568364654,75.82478241680647,1442.557008555161,0
74.11786451056467,33.35158451409941,97.14821137058101,1124.9637656797843,1
84.26581189536006,40.50200262668787,96.7695738898293,1119.9399142867821,1
67.19240075592153,45.357623191014724,114.53245845235455,1347.7623881226752,1
70.96869596888799,48.245001722742614,95.97342417196772,1214.1984482746866,1
45.20597235982167,20.61590538321582,80.90553106103403,1498.7603841998355,0
46.96563494499,14.742717420192623,73.17132898247128,1426.2167710853591,0
54.81236655364451,21.43766468391795,75.98908877771883,1519.3828996566322,0
84.53140072668857,35.28255106097778,100.7672811602378,1315.4700161831117,1
78.55309686082744,34.11180296847927,107.4026635601427,1228.6005464082618,1
77.19019716827245,49.05524767891151,110.14916609652363,1256.9993995219297,1
73.02691728913908,37.30780457008885,108.88029432702822,1184.3896886729199,1
53.13012266037584,21.266353507326137,79.49585657111689,1474.833301194785,0
84.48325313772045,46.95665684722172,112.33468208219035,1130.379221194838,1
48.14404177090101,24.25064382028137,80.15669996856164,1488.467976531198,0
49.85682307401374,10.942693563500535,87.65033021395604,1592.5216993234142,0
89.28561854004693,43.461533067214795,110.363049107302,1194.4529958328833,1
81.57981248187424,45.062549215027836,109.16406133667277,1320.9930204478073,1
53.83208535877513,22.631606260125757,84.78326593578515,1481.128645738763,0
66.51030908030653,36.38747923755962,117.28006257311159,1202.5529437034268,1
58.778926163835614,10.800876850485638,70.02502572008832,1404.241310678287,0
47.6775303915813,18.143145809632426,86.09790488248578,1501.3304488857073,0
65.77043826129572,48.209432868794174,95.48437765599868,1283.0564684379224,1
58.472570409387814,14.42142348894555,76.23636354745138,1553.6047116031446,0
52.64104255236749,21.76225640176596,86.60307175985298,1551.538388909648,0
71.01337876068766,33.27487907749511,103.50147328665912,1341.889495948273,1
57.038033193080764,22.515359265486374,72.49457608026644,1483.9389639047554,0
89.70641382779363,39.93546143379476,113.05691728418915,1277.3745371657262,1
65.81501326566456,45.87914550733193,106.08140216317251,1308.3513587680095,1
55.50579414059165,24.988796377826056,82.13731785706105,1583.8253292758527,0
84.1095434072131,48.21614815477423,101.28419470405899,1322.5682288691148,1
89.29083045385498,43.03658784636523,100.56588569501747,1200.7877980874555,1
85.30344591813162,32.85670137672224,107.55334149149999,1189.58593879855,1
77.59227883148003,49.99217584743831,110.66236821267943,1251.860671181947,1
66.43318568225163,36.4373184839286,115.79388059138401,1201.0002286379195,1
77.97979594664872,47.56589850574903,118.21273548711261,1293.3096551108413,1
54.47611958232302,17.87186411116752,78.45065973536083,1538.7315158035556,0
43.46322817696398,19.975374968779825,82.12040369460638,1570.3677727484092,0
55.61641717718483,10.35168221897863,79.11031960191225,1454.2875975822983,0
59.65954723898507,13.698086857511454,71.43961857279444,1524.6405062309761,0
44.847855675256355,20.22252126201351,78.86527581982303,1472.1293155819246,0
79.583853632554,30.276982627939404,112.11289375898596,1157.849026701969,1
68.9200755691858,39.15236012323477,103.48557499779535,1124.6863491614663,1
75.49382440111403,30.193638750660313,105.12336374002216,1113.706660717935,1
69.11019206905739,46.05647027108523,107.90057075523812,1108.0508720487192,1
69.34638746872547,35.240959321059314,96.33267141496815,1241.6809610588416,1
81.15781523465911,33.90781982979504,95.56937906799081,1248.8016009290739,1
78.183356457094,45.050171567898325,101.3646892470602,1259.6577257518506,1
58.497579898031034,20.69748539969877,72.24334376566817,1485.6599302179702,0
67.79687610825641,31.03877980701752,98.54271559415163,1199.112732071805,1
67.94054910880847,34.44878236617902,114.35850572043117,1143.0271051191892,1
79.15882364894844,46.632456681837375,110.64211556219509,1303.0701616062574,1
